"incident_id","ward_name","x","y","date","description"
"INC_0001","Riverstead",454223.497026108,343867.63980077,"2025-09-21","Report noted repeated damage to bins and surrounding fixtures. Nearby property affected."
"INC_0002","Riverstead",455220.399012973,342344.205784463,"2025-09-25","Damage reported to fencing and nearby street furniture. Nearby property affected."
"INC_0003","Riverstead",454525.852480536,343659.045522871,"2025-05-05","Damage reported to fencing and nearby street furniture. Possible overnight timing."
"INC_0004","Riverstead",454918.971061135,343857.110646268,"2025-02-12","Graffiti and minor vandalism observed on public-facing property."
"INC_0005","Riverstead",455045.364891012,343545.499771744,"2025-07-20","Graffiti and minor vandalism observed on public-facing property."
"INC_0006","Riverstead",454102.632228953,343375.575798612,"2025-07-04","Broken glass and signs of overnight damage were recorded. Nearby property affected."
"INC_0007","Riverstead",454903.917702154,343139.295813431,"2025-04-06","Repeated late-night noise reported near flats."
"INC_0008","Riverstead",455853.449147182,343745.782950024,"2025-12-01","Street-safety report logged after repeated uneasy encounters. Pedestrian route referenced."
"INC_0009","Riverstead",454869.892186269,343420.62569295,"2025-09-30","Residents described persistent disturbance from street gatherings."
"INC_0010","Riverstead",454318.046531816,343134.814166126,"2025-06-18","Damage reported to fencing and nearby street furniture. Nearby property affected."
"INC_0011","Riverstead",455904.588544967,343897.317601087,"2025-08-14","Witness noted a threatening exchange requiring follow-up attention."
"INC_0012","Riverstead",454998.464466969,344065.004775198,"2025-10-30","Damage reported to fencing and nearby street furniture."
"INC_0013","Riverstead",455884.590565276,343957.559072362,"2025-12-15","Report noted repeated damage to bins and surrounding fixtures."
"INC_0014","Riverstead",454210.724907727,343041.661603248,"2025-05-11","Graffiti and minor vandalism observed on public-facing property."
"INC_0015","Riverstead",455833.487205798,343977.246093587,"2025-03-07","Caller described a confrontation with risk of personal harm. Several witnesses were nearby."
"INC_0016","Riverstead",455286.074775105,343482.660959419,"2025-08-21","Report noted repeated damage to bins and surrounding fixtures."
"INC_0017","Riverstead",455735.112771051,343980.454207345,"2025-09-29","Caller described a confrontation with risk of personal harm. Further context remained limited."
"INC_0018","Riverstead",455775.904694785,343765.17679396,"2025-11-18","Broken glass and signs of overnight damage were recorded. Issue appears recurring."
"INC_0019","Riverstead",456055.429267129,343568.565608757,"2025-10-15","Report noted repeated damage to bins and surrounding fixtures. Public area involvement noted."
"INC_0020","Riverstead",455245.785440518,343526.886200163,"2025-07-13","Graffiti and minor vandalism observed on public-facing property."
"INC_0021","Riverstead",454892.453512638,342345.982033601,"2025-07-26","Graffiti and minor vandalism observed on public-facing property. Possible overnight timing."
"INC_0022","Riverstead",454635.466135995,343760.924597685,"2025-07-11","Caller described a confrontation with risk of personal harm."
"INC_0023","Riverstead",455657.877710026,343813.537372572,"2025-09-15","Concern raised about loitering and unclear activity after dark."
"INC_0024","Riverstead",454715.764316793,343994.81230175,"2025-08-07","Safety report logged following aggressive behaviour in public space. Follow-up details were partial."
"INC_0025","Riverstead",454190.497597829,343804.405339557,"2025-07-08","Safety report logged following aggressive behaviour in public space."
"INC_0026","Riverstead",455235.046829496,343958.917249442,"2025-02-24","Street-safety report logged after repeated uneasy encounters. Pattern may be intermittent."
"INC_0027","Riverstead",455593.579336109,343633.114980951,"2025-07-17","Report noted repeated damage to bins and surrounding fixtures."
"INC_0028","Riverstead",454777.010108129,343328.973966704,"2025-09-08","Street-safety report logged after repeated uneasy encounters. Pattern may be intermittent."
"INC_0029","Riverstead",454813.775911365,343360.873571592,"2025-11-23","Street-safety report logged after repeated uneasy encounters. Pattern may be intermittent."
"INC_0030","Riverstead",454426.694835507,343241.212656687,"2025-03-05","Resident described suspicious movement near pedestrian access points. Caller uncertain about intent."
"INC_0031","Riverstead",454223.146278313,343009.061553251,"2025-08-31","Complaint logged about loud music and anti-social noise."
"INC_0032","Riverstead",455246.398796266,344390.097249858,"2025-04-04","Street-safety report logged after repeated uneasy encounters. Lighting conditions mentioned."
"INC_0033","Moor Park",456615.409718338,341785.355145792,"2025-11-01","Residents described persistent disturbance from street gatherings."
"INC_0034","Moor Park",455667.656786271,343185.06654587,"2025-06-29","Resident described suspicious movement near pedestrian access points."
"INC_0035","Moor Park",455667.678758588,343185.047409035,"2025-11-03","Caller reported suspicious behaviour near a poorly lit route."
"INC_0036","Moor Park",455667.65305544,343185.039058591,"2025-04-12","Witness noted a threatening exchange requiring follow-up attention. Incident escalated quickly."
"INC_0037","Lantern Hill",456275.804612823,346099.669470961,"2025-02-22","Broken glass and signs of overnight damage were recorded. Public area involvement noted."
"INC_0038","Lantern Hill",455825.535474652,344779.793073519,"2025-04-16","Broken glass and signs of overnight damage were recorded. Issue appears recurring."
"INC_0039","Lantern Hill",456126.855312685,345023.184044976,"2025-06-03","Street-safety report logged after repeated uneasy encounters. Lighting conditions mentioned."
"INC_0040","Lantern Hill",456408.120650888,344793.955919542,"2025-02-13","Broken glass and signs of overnight damage were recorded. Possible overnight timing."
"INC_0041","Lantern Hill",456173.421870587,344001.756045685,"2025-08-03","Caller described a confrontation with risk of personal harm. Follow-up details were partial."
"INC_0042","Lantern Hill",456232.543155355,344310.643147453,"2025-02-11","Crowd noise and shouting noted outside licensed premises. Short repeat description."
"INC_0043","Westbrook",451516.412483639,342159.736104687,"2025-12-02","Caller reported suspicious behaviour near a poorly lit route."
"INC_0044","Westbrook",452103.312919518,340647.020802146,"2025-01-27","Resident described suspicious movement near pedestrian access points."
"INC_0045","Market End",453045.367048919,344600.103871519,"2025-12-08","Street-safety report logged after repeated uneasy encounters. Lighting conditions mentioned."
"INC_0046","Market End",454423.082472155,346594.924353244,"2025-03-03","Graffiti and minor vandalism observed on public-facing property. Possible overnight timing."
"INC_0047","Market End",453450.965088751,345828.516026238,"2025-06-23","Concern raised about loitering and unclear activity after dark. Caller uncertain about intent."
"INC_0048","Market End",454133.081909799,345614.848543169,"2025-01-20","Report noted repeated damage to bins and surrounding fixtures."
"INC_0049","Market End",452620.984400616,345622.943251291,"2025-05-04","Graffiti and minor vandalism observed on public-facing property."
"INC_0050","Market End",454222.361956203,344204.248046366,"2025-12-25","Broken glass and signs of overnight damage were recorded."
"INC_0051","Market End",452873.660029342,344142.98458832,"2025-06-24","Report noted repeated damage to bins and surrounding fixtures. Nearby property affected."
"INC_0052","Market End",453982.016378296,346150.581001202,"2025-10-18","Report noted repeated damage to bins and surrounding fixtures. Public area involvement noted."
"INC_0053","Market End",453360.582187069,345850.975296637,"2025-01-21","Caller reported suspicious behaviour near a poorly lit route. Pattern may be intermittent."
"INC_0054","Market End",453764.722131726,346564.188683177,"2025-04-08","Street-safety report logged after repeated uneasy encounters. Lighting conditions mentioned."
"INC_0055","Market End",453445.056555572,346165.559831675,"2025-04-18","Caller reported suspicious behaviour near a poorly lit route. Caller uncertain about intent."
"INC_0056","Market End",452877.554620593,344638.645926957,"2025-06-10","Caller described a confrontation with risk of personal harm. Further context remained limited."
"INC_0057","Market End",453534.296282217,345216.878608324,"2025-04-13","Street-safety report logged after repeated uneasy encounters. Caller uncertain about intent."
"INC_0058","Market End",453087.72365025,345186.549100565,"2025-06-01","Street-safety report logged after repeated uneasy encounters. Lighting conditions mentioned."
"INC_0059","Market End",454620.145698739,346899.597138421,"2025-09-17","Concern raised about loitering and unclear activity after dark. Pedestrian route referenced."
"INC_0060","Market End",453185.002924565,345131.632988823,"2025-03-24","Concern raised about loitering and unclear activity after dark. Pattern may be intermittent."
"INC_0061","Market End",452575.667198722,345682.62748512,"2025-09-11","Damage reported to fencing and nearby street furniture."
"INC_0062","Market End",453719.828072466,346290.666958932,"2025-05-06","Report noted repeated damage to bins and surrounding fixtures."
"INC_0063","Market End",453875.048706491,346256.603142306,"2025-02-18","Graffiti and minor vandalism observed on public-facing property. Public area involvement noted."
"INC_0064","Market End",452908.798380196,345471.079713766,"2025-04-05","Street-safety report logged after repeated uneasy encounters. Lighting conditions mentioned."
"INC_0065","Market End",452212.537152868,345950.393183735,"2025-06-19","Safety report logged following aggressive behaviour in public space. Follow-up details were partial."
"INC_0066","Market End",453463.65840877,346235.267928431,"2025-03-05","Street-safety report logged after repeated uneasy encounters. Lighting conditions mentioned."
"INC_0067","Market End",452462.411488,345330.951371959,"2025-07-03","Street-safety report logged after repeated uneasy encounters."
"INC_0068","Market End",454695.540117646,346668.733166277,"2025-07-15","Resident described suspicious movement near pedestrian access points. Caller uncertain about intent."
"INC_0069","Market End",452998.79457866,346290.454982474,"2025-08-22","Street-safety report logged after repeated uneasy encounters."
"INC_0070","Market End",454498.810414946,346267.671165332,"2025-10-26","Street-safety report logged after repeated uneasy encounters. Pattern may be intermittent."
"INC_0071","Market End",452611.754791433,345971.643049467,"2025-04-17","Broken glass and signs of overnight damage were recorded. Possible overnight timing."
"INC_0072","Market End",453205.425677076,346219.287212186,"2025-10-23","Caller reported suspicious behaviour near a poorly lit route. Caller uncertain about intent."
"INC_0073","Market End",452855.576153466,345265.477877673,"2025-06-02","Resident described suspicious movement near pedestrian access points."
"INC_0074","Market End",453092.743113983,345332.933341835,"2025-04-10","Resident described suspicious movement near pedestrian access points. Caller uncertain about intent."
"INC_0075","Market End",454586.448455019,346272.582024856,"2025-12-10","Report noted repeated damage to bins and surrounding fixtures."
"INC_0076","Market End",453629.349185955,344699.49042528,"2025-06-24","Safety report logged following aggressive behaviour in public space. Further context remained limited."
"INC_0077","Market End",454102.692506542,345106.729706702,"2025-02-22","Resident described suspicious movement near pedestrian access points."
"INC_0078","Market End",454550.752666396,346741.924297164,"2025-10-02","Graffiti and minor vandalism observed on public-facing property. Possible overnight timing."
"INC_0079","Market End",453177.599215477,344655.779967051,"2025-12-25","Street-safety report logged after repeated uneasy encounters. Lighting conditions mentioned."
"INC_0080","Market End",454616.888442277,346504.320842695,"2025-02-21","Concern raised about loitering and unclear activity after dark. Pedestrian route referenced."
"INC_0081","Market End",453785.21523509,345022.539314359,"2025-02-27","Caller reported suspicious behaviour near a poorly lit route. Pedestrian route referenced."
"INC_0082","Market End",453079.572030799,344981.271096345,"2025-08-12","Caller reported suspicious behaviour near a poorly lit route."
"INC_0083","Market End",453259.666329644,344327.17579992,"2025-09-05","Caller reported suspicious behaviour near a poorly lit route."
"INC_0084","Market End",454093.195084563,345098.991289822,"2025-06-14","Report noted repeated damage to bins and surrounding fixtures. Possible overnight timing."
"INC_0085","Market End",452425.698563594,346068.316311288,"2025-11-11","Incident report referenced an altercation and threat concerns. Incident escalated quickly."
"INC_0086","Market End",454564.369336665,346357.592600508,"2025-08-19","Caller reported suspicious behaviour near a poorly lit route. Pedestrian route referenced."
"INC_0087","Market End",453355.43695095,344879.452588367,"2025-05-10","Graffiti and minor vandalism observed on public-facing property. Possible overnight timing."
"INC_0088","Market End",453199.101535107,343991.452169383,"2025-12-08","Caller described a confrontation with risk of personal harm. Incident escalated quickly."
"INC_0089","Market End",454154.315206203,345372.693527711,"2025-01-19","Concern raised about loitering and unclear activity after dark."
"INC_0090","Market End",454086.367055811,345053.237854687,"2025-02-07","Concern raised about loitering and unclear activity after dark. Pedestrian route referenced."
"INC_0091","Market End",453690.911271307,343962.155318069,"2025-01-27","Concern raised about loitering and unclear activity after dark."
"INC_0092","Market End",452895.874606402,345885.471699026,"2025-12-06","Concern raised about loitering and unclear activity after dark. Lighting conditions mentioned."
"INC_0093","Market End",453312.730873654,345955.264435761,"2025-07-22","Broken glass and signs of overnight damage were recorded."
"INC_0094","Market End",453620.05301561,343866.654348632,"2025-07-16","Witness noted a threatening exchange requiring follow-up attention. Incident escalated quickly."
"INC_0095","Market End",453135.549117831,346559.311384523,"2025-07-09","Broken glass and signs of overnight damage were recorded. Possible overnight timing."
"INC_0096","Market End",454368.995482937,346187.406025695,"2025-04-25","Caller reported suspicious behaviour near a poorly lit route."
"INC_0097","Market End",453864.347516222,345912.121817452,"2025-04-19","Caller described a confrontation with risk of personal harm. Incident escalated quickly."
"INC_0098","Market End",452700.219662757,345156.449351063,"2025-07-26","Damage reported to fencing and nearby street furniture."
"INC_0099","Market End",452532.492186356,345586.537715241,"2025-05-17","Resident described suspicious movement near pedestrian access points."
"INC_0100","Market End",453621.094718153,344549.481584436,"2025-03-09","Street-safety report logged after repeated uneasy encounters. Pattern may be intermittent."
"INC_0101","Market End",453970.873869789,346498.577758676,"2025-09-16","Broken glass and signs of overnight damage were recorded. Nearby property affected."
"INC_0102","Market End",454721.820453697,346530.293073047,"2025-01-25","Incident report referenced an altercation and threat concerns. Follow-up details were partial."
"INC_0103","Market End",453628.975112872,344801.614261952,"2025-03-19","Graffiti and minor vandalism observed on public-facing property."
"INC_0104","Market End",453935.543080875,345690.782512926,"2025-03-12","Graffiti and minor vandalism observed on public-facing property."
"INC_0105","Market End",453677.656081652,343922.749656231,"2025-08-04","Street-safety report logged after repeated uneasy encounters. Lighting conditions mentioned."
"INC_0106","Market End",452954.371134157,344181.417901381,"2025-06-02","Report noted repeated damage to bins and surrounding fixtures. Public area involvement noted."
"INC_0107","Market End",453592.467442968,345608.122850009,"2025-07-10","Safety report logged following aggressive behaviour in public space. Further context remained limited."
"INC_0108","Market End",452686.46914087,345197.943747262,"2025-04-11","Damage reported to fencing and nearby street furniture. Nearby property affected."
"INC_0109","Market End",452433.581465631,345402.04809116,"2025-09-28","Broken glass and signs of overnight damage were recorded. Issue appears recurring."
"INC_0110","Market End",454601.247394239,346841.667244708,"2025-12-06","Report noted repeated damage to bins and surrounding fixtures. Nearby property affected."
"INC_0111","Market End",452746.19834932,344905.591246795,"2025-10-31","Report noted repeated damage to bins and surrounding fixtures. Nearby property affected."
"INC_0112","Market End",452988.719585104,345901.225150008,"2025-12-21","Safety report logged following aggressive behaviour in public space."
"INC_0113","Market End",453383.353175177,345591.737753881,"2025-01-28","Caller described a confrontation with risk of personal harm. Follow-up details were partial."
"INC_0114","Market End",452871.22178979,344364.946763652,"2025-09-30","Broken glass and signs of overnight damage were recorded. Issue appears recurring."
"INC_0115","Market End",453620.029680824,345648.277645673,"2025-02-03","Damage reported to fencing and nearby street furniture. Public area involvement noted."
"INC_0116","Market End",454597.221247492,347033.815735816,"2025-06-25","Damage reported to fencing and nearby street furniture. Issue appears recurring."
"INC_0117","Market End",452820.952951856,344895.436669191,"2025-10-23","Street-safety report logged after repeated uneasy encounters."
"INC_0118","Market End",453613.981142233,345143.081976668,"2025-04-03","Broken glass and signs of overnight damage were recorded. Possible overnight timing."
"INC_0119","Market End",453309.955403686,346528.623795085,"2025-04-05","Report noted repeated damage to bins and surrounding fixtures. Possible overnight timing."
"INC_0120","Market End",454177.507043889,346045.140105459,"2025-07-12","Street-safety report logged after repeated uneasy encounters. Pedestrian route referenced."
"INC_0121","Market End",454293.590420289,346552.854737483,"2025-02-17","Broken glass and signs of overnight damage were recorded. Possible overnight timing."
"INC_0122","Market End",453751.473057586,344200.812558536,"2025-11-16","Street-safety report logged after repeated uneasy encounters. Pattern may be intermittent."
"INC_0123","Market End",452546.697249482,345949.28779792,"2025-07-09","Street-safety report logged after repeated uneasy encounters."
"INC_0124","Market End",453063.085884166,346901.178864443,"2025-04-12","Concern raised about loitering and unclear activity after dark. Lighting conditions mentioned."
"INC_0125","Market End",452656.344505851,345712.143920846,"2025-07-22","Concern raised about loitering and unclear activity after dark. Caller uncertain about intent."
"INC_0126","Market End",453166.603565771,343821.599597883,"2025-11-22","Resident described suspicious movement near pedestrian access points. Lighting conditions mentioned."
"INC_0127","Market End",453631.451403541,343914.610444347,"2025-02-23","Caller reported suspicious behaviour near a poorly lit route."
"INC_0128","Market End",452705.281335154,344415.298204565,"2025-09-16","Concern raised about loitering and unclear activity after dark."
"INC_0129","Market End",454156.382517311,345277.13406748,"2025-02-25","Broken glass and signs of overnight damage were recorded."
"INC_0130","Market End",454521.439805501,346333.599418456,"2025-04-11","Report noted repeated damage to bins and surrounding fixtures."
"INC_0131","Market End",454047.280521801,344090.322539118,"2025-05-25","Damage reported to fencing and nearby street furniture."
"INC_0132","Market End",453845.798931225,345199.429148605,"2025-12-10","Report noted repeated damage to bins and surrounding fixtures."
"INC_0133","Market End",453087.260824094,344023.234627925,"2025-05-27","Graffiti and minor vandalism observed on public-facing property. Public area involvement noted."
"INC_0134","Market End",454073.953735091,344553.933360838,"2025-07-26","Concern raised about loitering and unclear activity after dark."
"INC_0135","Market End",453661.228177603,344235.462306901,"2025-12-24","Safety report logged following aggressive behaviour in public space. Incident escalated quickly."
"INC_0136","Market End",453348.498542999,346028.451080544,"2025-11-09","Complaint logged about loud music and anti-social noise."
"INC_0137","Market End",452915.352151606,345580.94388793,"2025-02-06","Repeated late-night noise reported near flats. Linked to visitor activity."
"INC_0138","Cedar Rise",455131.929103757,345321.255279136,"2025-12-18","Concern raised about loitering and unclear activity after dark."
"INC_0139","Cedar Rise",454415.855860299,345259.936982255,"2025-02-06","Caller reported suspicious behaviour near a poorly lit route. Caller uncertain about intent."
"INC_0140","Cedar Rise",454660.338080805,344337.034572086,"2025-10-27","Caller reported suspicious behaviour near a poorly lit route. Lighting conditions mentioned."
"INC_0141","Cedar Rise",455157.602144482,346646.098542469,"2025-05-01","Concern raised about loitering and unclear activity after dark."
"INC_0142","Cedar Rise",454325.361189805,345491.451306894,"2025-06-24","Repeated late-night noise reported near flats."
"INC_0143","Cedar Rise",454785.616912542,346190.235515533,"2025-01-27","Broken glass and signs of overnight damage were recorded. Possible overnight timing."
"INC_0144","Cedar Rise",454446.667202927,344826.859653777,"2025-07-26","Resident described suspicious movement near pedestrian access points. Pattern may be intermittent."
"INC_0145","Cedar Rise",454803.839639597,346414.610842433,"2025-03-23","Broken glass and signs of overnight damage were recorded. Public area involvement noted."
"INC_0146","Cedar Rise",454507.118166411,345925.259889289,"2025-04-24","Damage reported to fencing and nearby street furniture."
"INC_0147","Cedar Rise",454666.816130888,344673.348094491,"2025-04-14","Report noted repeated damage to bins and surrounding fixtures. Public area involvement noted."
"INC_0148","Cedar Rise",454752.479807771,345428.217667068,"2025-08-04","Concern raised about loitering and unclear activity after dark. Lighting conditions mentioned."
"INC_0149","Kingsmead",461443.908097603,340854.755865895,"2025-10-18","Complaint logged about loud music and anti-social noise. Weekend evening pattern."
"INC_0150","Kingsmead",461076.012373754,341379.11735999,"2025-06-28","Safety report logged following aggressive behaviour in public space. Further context remained limited."
"INC_0151","Kingsmead",461778.498398418,341289.657473667,"2025-11-26","Complaint logged about loud music and anti-social noise."
"INC_0152","Kingsmead",461480.621327329,341338.989666484,"2025-04-12","Incident report referenced an altercation and threat concerns."
"INC_0153","East Hollow",461480.635204371,341338.993454389,"2025-08-05","Safety report logged following aggressive behaviour in public space."
"INC_0154","Kingsmead",461480.627992318,341338.987024049,"2025-01-08","Safety report logged following aggressive behaviour in public space. Further context remained limited."
"INC_0155","Hazel Row",461480.653309582,341338.994812137,"2025-07-31","Witness noted a threatening exchange requiring follow-up attention."
"INC_0156","Kingsmead",461480.637662181,341339.008653756,"2025-12-23","Residents described persistent disturbance from street gatherings. Weekend evening pattern."
"INC_0157","Stonebridge",460793.013547238,341268.54856297,"2025-09-11","Safety report logged following aggressive behaviour in public space. Several witnesses were nearby."
"INC_0158","Kingsmead",460793.01260943,341268.564421379,"2025-07-04","Repeated late-night noise reported near flats. Short repeat description."
"INC_0159","Hazel Row",460217.77176416,341277.946294588,"2025-08-29","Repeated late-night noise reported near flats. Linked to visitor activity."
"INC_0160","Hazel Row",460377.705348074,341387.890762503,"2025-10-28","Crowd noise and shouting noted outside licensed premises. Linked to visitor activity."
"INC_0161","Hazel Row",459946.576300443,341581.880238605,"2025-10-21","Repeated late-night noise reported near flats."
"INC_0162","Hazel Row",460054.469474082,341990.474823279,"2025-07-10","Safety report logged following aggressive behaviour in public space. Follow-up details were partial."
"INC_0163","Hazel Row",459591.85261137,341773.903247021,"2025-02-16","Caller reported suspicious behaviour near a poorly lit route. Pattern may be intermittent."
"INC_0164","East Hollow",459614.279140697,341476.332420638,"2025-10-05","Crowd noise and shouting noted outside licensed premises. Near transport corridor."
"INC_0165","Hazel Row",459570.717592601,342009.081882555,"2025-04-28","Incident report referenced an altercation and threat concerns. Follow-up details were partial."
"INC_0166","Hazel Row",460025.159559237,342239.021918236,"2025-03-20","Caller reported suspicious behaviour near a poorly lit route. Pattern may be intermittent."
"INC_0167","Hazel Row",459924.381611917,341158.84934037,"2025-10-08","Crowd noise and shouting noted outside licensed premises."
"INC_0168","East Hollow",459436.694570462,342196.517864403,"2025-08-12","Broken glass and signs of overnight damage were recorded. Nearby property affected."
"INC_0169","Hazel Row",460179.265938359,341663.699032388,"2025-12-17","Complaint logged about loud music and anti-social noise."
"INC_0170","Hazel Row",459807.840242959,341510.570335995,"2025-10-27","Repeated late-night noise reported near flats. Short repeat description."
"INC_0171","Hazel Row",459628.423689248,342079.236621295,"2025-10-23","Caller reported suspicious behaviour near a poorly lit route. Caller uncertain about intent."
"INC_0172","Hazel Row",459846.138339964,341550.738724014,"2025-04-29","Resident described suspicious movement near pedestrian access points. Caller uncertain about intent."
"INC_0173","Hazel Row",460312.314052384,342301.525356543,"2025-03-05","Report noted repeated damage to bins and surrounding fixtures. Issue appears recurring."
"INC_0174","Kingsmead",460671.315105639,341395.574235534,"2025-12-08","Complaint logged about loud music and anti-social noise."
"INC_0175","Kingsmead",459530.40083937,341469.862114871,"2025-10-08","Complaint logged about loud music and anti-social noise. Near transport corridor."
"INC_0176","Hazel Row",459869.950151046,341781.326894525,"2025-02-11","Caller described a confrontation with risk of personal harm."
"INC_0177","Hazel Row",459786.705484966,341763.130631925,"2025-08-17","Complaint logged about loud music and anti-social noise. Near transport corridor."
"INC_0178","Kingsmead",460026.318757811,342003.940344216,"2025-02-02","Concern raised about loitering and unclear activity after dark. Caller uncertain about intent."
"INC_0179","Hazel Row",459853.12130591,341355.986219552,"2025-06-26","Complaint logged about loud music and anti-social noise."
"INC_0180","Hazel Row",460286.584901677,341661.536191977,"2025-11-09","Incident report referenced an altercation and threat concerns. Several witnesses were nearby."
"INC_0181","Hazel Row",460135.36326447,341289.444010074,"2025-08-21","Caller described a confrontation with risk of personal harm. Incident escalated quickly."
"INC_0182","Hazel Row",459246.25747486,342065.08831707,"2025-12-04","Incident report referenced an altercation and threat concerns. Further context remained limited."
"INC_0183","Hazel Row",460585.590920198,341840.113915479,"2025-09-12","Broken glass and signs of overnight damage were recorded. Nearby property affected."
"INC_0184","East Hollow",459406.617933431,341868.272798646,"2025-05-14","Complaint logged about loud music and anti-social noise."
"INC_0185","Hazel Row",460528.164873229,341267.295378078,"2025-02-06","Residents described persistent disturbance from street gatherings. Short repeat description."
"INC_0186","Hazel Row",460623.789926504,341593.587478971,"2025-01-12","Witness noted a threatening exchange requiring follow-up attention. Several witnesses were nearby."
"INC_0187","Hazel Row",459820.065307862,342107.816832732,"2025-01-12","Witness noted a threatening exchange requiring follow-up attention. Incident escalated quickly."
"INC_0188","Hazel Row",459762.691917306,341967.292464738,"2025-10-17","Report noted repeated damage to bins and surrounding fixtures. Nearby property affected."
"INC_0189","Hazel Row",459629.575314698,341933.749430407,"2025-05-09","Incident report referenced an altercation and threat concerns. Further context remained limited."
"INC_0190","Hazel Row",459629.579618388,341933.743255152,"2025-02-05","Incident report referenced an altercation and threat concerns."
"INC_0191","East Hollow",459629.555435391,341933.741148536,"2025-06-29","Repeated late-night noise reported near flats. Near transport corridor."
"INC_0192","Kingsmead",459629.559692523,341933.741860457,"2025-05-23","Repeated late-night noise reported near flats. Near transport corridor."
"INC_0193","Hazel Row",459629.603916682,341933.752855477,"2025-08-21","Caller described a confrontation with risk of personal harm."
"INC_0194","East Hollow",459629.567828871,341933.720666265,"2025-12-19","Caller described a confrontation with risk of personal harm. Further context remained limited."
"INC_0195","Hazel Row",459629.56955496,341933.742571572,"2025-08-28","Resident described suspicious movement near pedestrian access points. Pedestrian route referenced."
"INC_0196","Hazel Row",459629.560695568,341933.720195965,"2025-11-20","Report noted repeated damage to bins and surrounding fixtures."
"INC_0197","Hazel Row",459629.550244768,341933.755432471,"2025-06-18","Residents described persistent disturbance from street gatherings. Short repeat description."
"INC_0198","East Hollow",459629.592706111,341933.747149525,"2025-08-01","Broken glass and signs of overnight damage were recorded. Possible overnight timing."
"INC_0199","Hazel Row",459629.547498718,341933.73661562,"2025-04-21","Repeated late-night noise reported near flats."
"INC_0200","Hazel Row",459629.560473869,341933.733835573,"2025-02-14","Caller described a confrontation with risk of personal harm. Several witnesses were nearby."
"INC_0201","Hazel Row",459629.571597185,341933.733423078,"2025-05-13","Witness noted a threatening exchange requiring follow-up attention. Follow-up details were partial."
"INC_0202","Hazel Row",459629.545536533,341933.766407559,"2025-05-29","Witness noted a threatening exchange requiring follow-up attention."
"INC_0203","Hazel Row",459629.573585386,341933.733810229,"2025-11-07","Repeated late-night noise reported near flats. Short repeat description."
"INC_0204","Hazel Row",459629.582391727,341933.761122465,"2025-02-14","Residents described persistent disturbance from street gatherings."
"INC_0205","Hazel Row",459629.584611407,341933.742754086,"2025-09-08","Concern raised about loitering and unclear activity after dark. Pattern may be intermittent."
"INC_0206","Hazel Row",459629.574789027,341933.763902046,"2025-01-15","Safety report logged following aggressive behaviour in public space. Incident escalated quickly."
"INC_0207","Hazel Row",459629.566661713,341933.729186677,"2025-10-05","Caller reported suspicious behaviour near a poorly lit route. Caller uncertain about intent."
"INC_0208","Hazel Row",459629.569827104,341933.722577912,"2025-05-28","Repeated late-night noise reported near flats. Short repeat description."
"INC_0209","Hazel Row",459629.571762376,341933.771607406,"2025-07-16","Concern raised about loitering and unclear activity after dark. Pedestrian route referenced."
"INC_0210","Hazel Row",459629.55225082,341933.724563403,"2025-02-06","Broken glass and signs of overnight damage were recorded. Issue appears recurring."
"INC_0211","Hazel Row",459629.587562942,341933.719750784,"2025-03-03","Complaint logged about loud music and anti-social noise. Weekend evening pattern."
"INC_0212","Hazel Row",459629.581003645,341933.729908038,"2025-01-31","Complaint logged about loud music and anti-social noise."
"INC_0213","Hazel Row",459629.562438968,341933.767442693,"2025-05-28","Residents described persistent disturbance from street gatherings. Linked to visitor activity."
"INC_0214","Hazel Row",459629.544558964,341933.74849725,"2025-07-08","Caller described a confrontation with risk of personal harm."
"INC_0215","Hazel Row",459629.564832359,341933.762118875,"2025-08-28","Report noted repeated damage to bins and surrounding fixtures."
"INC_0216","Kingsmead",460382.014769587,341297.623799488,"2025-06-20","Damage reported to fencing and nearby street furniture."
"INC_0217","Hazel Row",460382.008338545,341297.647421881,"2025-07-30","Repeated late-night noise reported near flats. Weekend evening pattern."
"INC_0218","Hazel Row",460381.993759142,341297.606886119,"2025-04-20","Broken glass and signs of overnight damage were recorded. Issue appears recurring."
"INC_0219","Hazel Row",460382.007272652,341297.621632096,"2025-03-18","Safety report logged following aggressive behaviour in public space. Incident escalated quickly."
"INC_0220","Hazel Row",460382.029054342,341297.627851057,"2025-02-18","Complaint logged about loud music and anti-social noise. Near transport corridor."
"INC_0221","Hazel Row",460381.987414871,341297.634914162,"2025-07-14","Complaint logged about loud music and anti-social noise. Linked to visitor activity."
"INC_0222","Hazel Row",460382.027440747,341297.622748755,"2025-06-01","Concern raised about loitering and unclear activity after dark. Pattern may be intermittent."
"INC_0223","Hazel Row",460382.020224888,341297.605397848,"2025-10-07","Resident described suspicious movement near pedestrian access points. Pattern may be intermittent."
"INC_0224","Kingsmead",460382.028225845,341297.627179044,"2025-09-16","Caller described a confrontation with risk of personal harm. Further context remained limited."
"INC_0225","Hazel Row",460382.001443393,341297.606915841,"2025-07-05","Caller reported suspicious behaviour near a poorly lit route."
"INC_0226","East Hollow",460382.047880907,341297.627916883,"2025-08-27","Safety report logged following aggressive behaviour in public space."
"INC_0227","Hazel Row",460381.995788087,341297.62669396,"2025-05-03","Repeated late-night noise reported near flats. Short repeat description."
"INC_0228","Hazel Row",460382.009068684,341297.609399529,"2025-07-19","Graffiti and minor vandalism observed on public-facing property. Nearby property affected."
"INC_0229","Hazel Row",460382.015884572,341297.606957335,"2025-09-10","Incident report referenced an altercation and threat concerns. Incident escalated quickly."
"INC_0230","Hazel Row",460382.025635769,341297.618407986,"2025-09-12","Repeated late-night noise reported near flats. Short repeat description."
"INC_0231","Hazel Row",460382.007860197,341297.627403965,"2025-05-11","Broken glass and signs of overnight damage were recorded. Public area involvement noted."
"INC_0232","Hazel Row",460382.017393206,341297.639511896,"2025-01-20","Resident described suspicious movement near pedestrian access points."
"INC_0233","East Hollow",460382.053960694,341297.633200606,"2025-06-26","Incident report referenced an altercation and threat concerns. Further context remained limited."
"INC_0234","Hazel Row",460382.036426341,341297.631892607,"2025-06-01","Report noted repeated damage to bins and surrounding fixtures. Nearby property affected."
"INC_0235","Hazel Row",460382.022865151,341297.616979831,"2025-10-27","Street-safety report logged after repeated uneasy encounters."
"INC_0236","Kingsmead",460382.017914984,341297.640013345,"2025-07-26","Safety report logged following aggressive behaviour in public space. Several witnesses were nearby."
"INC_0237","Hazel Row",460382.02328579,341297.616823861,"2025-05-06","Graffiti and minor vandalism observed on public-facing property."
"INC_0238","Hazel Row",460382.001873966,341297.605116601,"2025-05-15","Witness noted a threatening exchange requiring follow-up attention."
"INC_0239","East Hollow",460382.026395906,341297.597382484,"2025-06-29","Repeated late-night noise reported near flats."
"INC_0240","Hazel Row",460382.010783309,341297.605644135,"2025-05-18","Complaint logged about loud music and anti-social noise."
"INC_0241","Hazel Row",460382.023780467,341297.61867802,"2025-12-05","Complaint logged about loud music and anti-social noise. Near transport corridor."
"INC_0242","Hazel Row",460382.013171028,341297.631794348,"2025-12-18","Repeated late-night noise reported near flats."
"INC_0243","Hazel Row",460382.030483042,341297.623302949,"2025-11-25","Caller reported suspicious behaviour near a poorly lit route."
"INC_0244","Hazel Row",460382.005160382,341297.609418957,"2025-09-22","Repeated late-night noise reported near flats."
"INC_0245","Hazel Row",460381.988896529,341297.641169013,"2025-08-10","Report noted repeated damage to bins and surrounding fixtures. Possible overnight timing."
"INC_0246","Hazel Row",460382.00100608,341297.643794851,"2025-09-10","Witness noted a threatening exchange requiring follow-up attention. Incident escalated quickly."
"INC_0247","Hazel Row",460382.026675883,341297.637271932,"2025-01-16","Crowd noise and shouting noted outside licensed premises. Near transport corridor."
"INC_0248","Hazel Row",460382.029676923,341297.586342737,"2025-01-06","Complaint logged about loud music and anti-social noise. Weekend evening pattern."
"INC_0249","Hazel Row",460382.01222984,341297.6218654,"2025-02-08","Caller reported suspicious behaviour near a poorly lit route. Pedestrian route referenced."
"INC_0250","Hazel Row",460382.023149383,341297.650088123,"2025-09-19","Incident report referenced an altercation and threat concerns. Further context remained limited."
"INC_0251","Hazel Row",460382.017642023,341297.620161383,"2025-10-30","Complaint logged about loud music and anti-social noise. Linked to visitor activity."
"INC_0252","South Dene",456909.323640549,339484.619439356,"2025-09-22","Repeated late-night noise reported near flats."
"INC_0253","South Dene",457287.732996576,339870.453901277,"2025-04-24","Crowd noise and shouting noted outside licensed premises. Linked to visitor activity."
"INC_0254","South Dene",457787.652263465,339317.287404826,"2025-09-08","Resident described suspicious movement near pedestrian access points."
"INC_0255","Saffron Lea",461565.978218255,341757.69200968,"2025-03-14","Complaint logged about loud music and anti-social noise. Linked to visitor activity."
"INC_0256","East Hollow",461056.476822895,341556.611352493,"2025-12-30","Repeated late-night noise reported near flats."
"INC_0257","East Hollow",460832.201860121,342172.031173101,"2025-03-05","Report noted repeated damage to bins and surrounding fixtures. Public area involvement noted."
"INC_0258","East Hollow",460500.691744193,342527.620764718,"2025-08-13","Caller described a confrontation with risk of personal harm. Incident escalated quickly."
"INC_0259","Kingsmead",461126.278599762,342059.827381181,"2025-10-20","Complaint logged about loud music and anti-social noise. Near transport corridor."
"INC_0260","East Hollow",461041.865193657,341451.566374961,"2025-05-26","Resident described suspicious movement near pedestrian access points. Caller uncertain about intent."
"INC_0261","Kingsmead",460813.132050043,342420.669702013,"2025-03-16","Incident report referenced an altercation and threat concerns. Follow-up details were partial."
"INC_0262","East Hollow",461309.441684745,341633.546831839,"2025-10-09","Report noted repeated damage to bins and surrounding fixtures. Possible overnight timing."
"INC_0263","East Hollow",460438.41142442,342528.350414827,"2025-02-10","Repeated late-night noise reported near flats. Near transport corridor."
"INC_0264","East Hollow",460913.635111936,342474.188752744,"2025-07-23","Repeated late-night noise reported near flats."
"INC_0265","East Hollow",460291.588385632,342409.216490844,"2025-10-01","Incident report referenced an altercation and threat concerns. Several witnesses were nearby."
"INC_0266","Kingsmead",461745.546303874,341643.26710303,"2025-05-14","Safety report logged following aggressive behaviour in public space."
"INC_0267","East Hollow",461396.747873636,341494.048203891,"2025-09-03","Repeated late-night noise reported near flats. Near transport corridor."
"INC_0268","East Hollow",460871.007518571,341999.150825115,"2025-08-16","Street-safety report logged after repeated uneasy encounters. Lighting conditions mentioned."
"INC_0269","East Hollow",460870.614627049,341426.306637988,"2025-09-18","Caller described a confrontation with risk of personal harm. Incident escalated quickly."
"INC_0270","East Hollow",460844.193079364,342430.163483632,"2025-04-15","Witness noted a threatening exchange requiring follow-up attention."
"INC_0271","East Hollow",461664.375188878,341706.865031269,"2025-03-31","Complaint logged about loud music and anti-social noise. Short repeat description."
"INC_0272","Kingsmead",460251.917900159,342699.292515656,"2025-10-09","Report noted repeated damage to bins and surrounding fixtures. Possible overnight timing."
"INC_0273","East Hollow",461148.502214539,342034.074685125,"2025-10-07","Residents described persistent disturbance from street gatherings. Linked to visitor activity."
"INC_0274","East Hollow",461090.088534338,341856.657755908,"2025-07-06","Witness noted a threatening exchange requiring follow-up attention. Further context remained limited."
"INC_0275","East Hollow",461202.355212645,341652.078115261,"2025-05-01","Safety report logged following aggressive behaviour in public space. Several witnesses were nearby."
"INC_0276","East Hollow",460976.934112152,341702.169326544,"2025-01-09","Residents described persistent disturbance from street gatherings. Near transport corridor."
"INC_0277","East Hollow",461144.499624708,341787.176551696,"2025-01-01","Caller reported suspicious behaviour near a poorly lit route. Pattern may be intermittent."
"INC_0278","East Hollow",461335.165765052,342208.234891513,"2025-02-15","Report noted repeated damage to bins and surrounding fixtures."
"INC_0279","East Hollow",460984.579800951,341597.404787205,"2025-09-29","Resident described suspicious movement near pedestrian access points. Pattern may be intermittent."
"INC_0280","East Hollow",460869.868781092,342531.193487452,"2025-05-23","Broken glass and signs of overnight damage were recorded. Possible overnight timing."
"INC_0281","East Hollow",461744.499030079,341641.59816029,"2025-03-29","Damage reported to fencing and nearby street furniture. Nearby property affected."
"INC_0282","East Hollow",461173.15762937,341829.953580654,"2025-08-10","Witness noted a threatening exchange requiring follow-up attention. Further context remained limited."
"INC_0283","East Hollow",460713.245527283,342353.758665092,"2025-07-10","Witness noted a threatening exchange requiring follow-up attention. Follow-up details were partial."
"INC_0284","Saffron Lea",461279.609345037,341686.838552483,"2025-07-31","Incident report referenced an altercation and threat concerns."
"INC_0285","Saffron Lea",461229.402267381,341505.941834669,"2025-09-06","Caller described a confrontation with risk of personal harm."
"INC_0286","Kingsmead",460363.102332262,342762.941563952,"2025-05-26","Graffiti and minor vandalism observed on public-facing property. Nearby property affected."
"INC_0287","East Hollow",460550.932719625,342553.27158185,"2025-12-28","Crowd noise and shouting noted outside licensed premises. Short repeat description."
"INC_0288","East Hollow",461375.231237211,341535.792001836,"2025-02-17","Broken glass and signs of overnight damage were recorded. Nearby property affected."
"INC_0289","Stonebridge",459953.829730516,339890.50945274,"2025-02-23","Witness noted a threatening exchange requiring follow-up attention. Incident escalated quickly."
"INC_0290","Stonebridge",460135.698574606,340793.925818399,"2025-03-12","Complaint logged about loud music and anti-social noise. Linked to visitor activity."
"INC_0291","Stonebridge",458528.990883734,339642.673336609,"2025-06-06","Safety report logged following aggressive behaviour in public space. Follow-up details were partial."
"INC_0292","Stonebridge",459231.291833104,340001.426047561,"2025-07-20","Damage reported to fencing and nearby street furniture."
"INC_0293","Foxley",457799.940830513,345000.171212621,"2025-03-19","Safety report logged following aggressive behaviour in public space. Incident escalated quickly."
"INC_0294","Foxley",458178.416233206,345234.999746147,"2025-08-21","Crowd noise and shouting noted outside licensed premises. Near transport corridor."
"INC_0295","Foxley",457840.763762896,345580.504749858,"2025-07-08","Incident report referenced an altercation and threat concerns. Further context remained limited."
"INC_0296","Foxley",457377.897675952,345156.191245376,"2025-07-08","Graffiti and minor vandalism observed on public-facing property. Public area involvement noted."
"INC_0297","Foxley",457727.771320835,345431.452395482,"2025-11-12","Residents described persistent disturbance from street gatherings. Linked to visitor activity."
"INC_0298","Foxley",457486.635047592,345445.959839714,"2025-03-14","Residents described persistent disturbance from street gatherings."
"INC_0299","Foxley",457710.153193144,345301.821998251,"2025-10-13","Damage reported to fencing and nearby street furniture. Nearby property affected."
"INC_0300","Foxley",457847.774387227,344594.161464171,"2025-09-08","Graffiti and minor vandalism observed on public-facing property. Public area involvement noted."
"INC_0301","Foxley",457765.530905731,344791.18448924,"2025-10-12","Report noted repeated damage to bins and surrounding fixtures."
"INC_0302","Foxley",457648.918122856,344909.339258431,"2025-06-16","Report noted repeated damage to bins and surrounding fixtures. Possible overnight timing."
"INC_0303","Foxley",458381.594550854,345472.690094022,"2025-04-29","Report noted repeated damage to bins and surrounding fixtures. Nearby property affected."
"INC_0304","Foxley",457886.871916981,344704.806888272,"2025-09-22","Resident described suspicious movement near pedestrian access points. Caller uncertain about intent."
"INC_0305","Foxley",457570.639395414,344989.586368493,"2025-12-31","Concern raised about loitering and unclear activity after dark. Pattern may be intermittent."
"INC_0306","Foxley",458431.979475659,345635.492629428,"2025-08-16","Damage reported to fencing and nearby street furniture. Issue appears recurring."
"INC_0307","Foxley",457936.948031399,345034.161809844,"2025-11-13","Witness noted a threatening exchange requiring follow-up attention. Incident escalated quickly."
"INC_0308","Foxley",457187.143394675,345053.177450005,"2025-11-27","Incident report referenced an altercation and threat concerns."
"INC_0309","Foxley",458026.613941032,345293.879467715,"2025-09-23","Residents described persistent disturbance from street gatherings. Linked to visitor activity."
"INC_0310","Foxley",457414.146156028,345487.778781514,"2025-06-22","Street-safety report logged after repeated uneasy encounters. Lighting conditions mentioned."
"INC_0311","Foxley",457012.054969952,344718.424612056,"2025-09-16","Incident report referenced an altercation and threat concerns. Further context remained limited."
"INC_0312","Foxley",458177.430579235,345145.660981821,"2025-02-17","Graffiti and minor vandalism observed on public-facing property."
"INC_0313","Foxley",458082.177774719,345446.198387005,"2025-01-06","Graffiti and minor vandalism observed on public-facing property. Public area involvement noted."
"INC_0314","Foxley",457572.42096962,344925.404147126,"2025-09-01","Complaint logged about loud music and anti-social noise. Near transport corridor."
"INC_0315","Foxley",457657.292336732,345622.157542318,"2025-10-10","Street-safety report logged after repeated uneasy encounters. Pedestrian route referenced."
"INC_0316","Foxley",458330.243267277,345634.968815273,"2025-06-16","Resident described suspicious movement near pedestrian access points. Lighting conditions mentioned."
"INC_0317","Foxley",457882.949408335,345127.280952023,"2025-01-30","Damage reported to fencing and nearby street furniture."
"INC_0318","Foxley",457685.342871016,345145.663938875,"2025-05-12","Concern raised about loitering and unclear activity after dark."
"INC_0319","Foxley",458134.376369254,345264.287350645,"2025-08-06","Concern raised about loitering and unclear activity after dark."
"INC_0320","Foxley",457682.26793756,344759.950514368,"2025-10-31","Repeated late-night noise reported near flats. Weekend evening pattern."
"INC_0321","Foxley",457476.637176919,344927.492023621,"2025-01-24","Repeated late-night noise reported near flats. Weekend evening pattern."
"INC_0322","Foxley",457824.662460206,345290.702524187,"2025-09-23","Concern raised about loitering and unclear activity after dark."
"INC_0323","Foxley",457756.185083589,344872.955534584,"2025-07-01","Complaint logged about loud music and anti-social noise. Short repeat description."
"INC_0324","Foxley",457482.434832117,345084.854978761,"2025-08-11","Street-safety report logged after repeated uneasy encounters. Lighting conditions mentioned."
"INC_0325","Foxley",457736.355396002,344750.119322377,"2025-12-16","Graffiti and minor vandalism observed on public-facing property. Possible overnight timing."
"INC_0326","Foxley",458145.379083986,345167.128678493,"2025-05-01","Caller reported suspicious behaviour near a poorly lit route. Lighting conditions mentioned."
"INC_0327","Foxley",458055.432430672,345126.939706802,"2025-07-28","Report noted repeated damage to bins and surrounding fixtures. Nearby property affected."
"INC_0328","Foxley",458063.508577195,345381.629417329,"2025-09-03","Graffiti and minor vandalism observed on public-facing property. Possible overnight timing."
"INC_0329","Foxley",458014.337797646,344967.013205662,"2025-11-17","Residents described persistent disturbance from street gatherings. Weekend evening pattern."
"INC_0330","Foxley",458135.692108729,345507.055201295,"2025-04-15","Report noted repeated damage to bins and surrounding fixtures. Possible overnight timing."
"INC_0331","Foxley",457778.151036896,344684.422616153,"2025-06-16","Concern raised about loitering and unclear activity after dark. Pattern may be intermittent."
"INC_0332","Foxley",458231.685661017,345204.608498916,"2025-01-10","Repeated late-night noise reported near flats."
"INC_0333","Foxley",458288.772103996,345497.608979958,"2025-04-05","Report noted repeated damage to bins and surrounding fixtures. Nearby property affected."
"INC_0334","Foxley",457487.721632647,345211.038851213,"2025-05-18","Caller reported suspicious behaviour near a poorly lit route. Lighting conditions mentioned."
"INC_0335","Foxley",457316.165058985,344983.838668771,"2025-09-17","Resident described suspicious movement near pedestrian access points. Pedestrian route referenced."
"INC_0336","Foxley",457989.954442118,345405.078549542,"2025-09-11","Crowd noise and shouting noted outside licensed premises."
"INC_0337","Foxley",457679.162814413,344775.649346011,"2025-11-25","Complaint logged about loud music and anti-social noise."
"INC_0338","Foxley",457536.060907032,345607.913871803,"2025-07-11","Witness noted a threatening exchange requiring follow-up attention."
"INC_0339","Foxley",457845.204275458,345068.603202032,"2025-01-18","Complaint logged about loud music and anti-social noise. Short repeat description."
"INC_0340","Foxley",457963.396655536,344821.845896705,"2025-09-08","Caller reported suspicious behaviour near a poorly lit route. Pattern may be intermittent."
"INC_0341","Foxley",457648.881260924,344799.783300583,"2025-12-30","Incident report referenced an altercation and threat concerns."
"INC_0342","Foxley",457932.819933591,344843.72948789,"2025-11-26","Graffiti and minor vandalism observed on public-facing property. Issue appears recurring."
"INC_0343","Foxley",457689.404702601,345589.858468458,"2025-11-15","Residents described persistent disturbance from street gatherings. Near transport corridor."
"INC_0344","Foxley",457667.461054337,345732.642016801,"2025-03-04","Residents described persistent disturbance from street gatherings. Weekend evening pattern."
"INC_0345","Foxley",457754.191540313,345383.750881293,"2025-11-02","Broken glass and signs of overnight damage were recorded."
"INC_0346","Foxley",457609.45853674,345333.918505615,"2025-03-16","Graffiti and minor vandalism observed on public-facing property. Possible overnight timing."
"INC_0347","Foxley",458097.905127803,345268.713173722,"2025-10-30","Concern raised about loitering and unclear activity after dark. Pedestrian route referenced."
"INC_0348","Foxley",458038.175667953,344716.220054902,"2025-11-07","Damage reported to fencing and nearby street furniture."
"INC_0349","Foxley",457528.679274114,345630.321914951,"2025-05-01","Resident described suspicious movement near pedestrian access points. Caller uncertain about intent."
"INC_0350","Maple Cross",459058.415966354,345740.063832093,"2025-08-27","Witness noted a threatening exchange requiring follow-up attention. Several witnesses were nearby."
"INC_0351","Maple Cross",459415.434828389,345541.634556674,"2025-02-11","Witness noted a threatening exchange requiring follow-up attention. Further context remained limited."
"INC_0352","Maple Cross",459029.581802075,345346.939891875,"2025-04-16","Graffiti and minor vandalism observed on public-facing property."
"INC_0353","Maple Cross",459239.811849854,345706.650723266,"2025-01-15","Witness noted a threatening exchange requiring follow-up attention. Further context remained limited."
"INC_0354","Maple Cross",458673.293934462,344813.150046323,"2025-09-25","Safety report logged following aggressive behaviour in public space."
"INC_0355","Maple Cross",459185.054897392,345690.335345423,"2025-12-04","Report noted repeated damage to bins and surrounding fixtures. Nearby property affected."
"INC_0356","Maple Cross",459474.80435861,345397.443569284,"2025-05-28","Graffiti and minor vandalism observed on public-facing property."
"INC_0357","Maple Cross",458911.585834592,344980.160763782,"2025-03-11","Witness noted a threatening exchange requiring follow-up attention. Incident escalated quickly."
"INC_0358","Maple Cross",458186.206693787,344565.199493174,"2025-03-25","Damage reported to fencing and nearby street furniture."
"INC_0359","Maple Cross",458834.65387132,345839.585086045,"2025-11-27","Incident report referenced an altercation and threat concerns. Incident escalated quickly."
"INC_0360","Maple Cross",458959.303260631,345660.895614127,"2025-02-14","Caller reported suspicious behaviour near a poorly lit route."
"INC_0361","Maple Cross",459051.242626189,344862.311450957,"2025-11-17","Safety report logged following aggressive behaviour in public space. Incident escalated quickly."
"INC_0362","Maple Cross",458495.133193763,344563.152449819,"2025-01-16","Broken glass and signs of overnight damage were recorded."
"INC_0363","Maple Cross",458498.830678574,344918.73131356,"2025-11-19","Graffiti and minor vandalism observed on public-facing property. Possible overnight timing."
"INC_0364","Maple Cross",458683.433145724,344791.565255652,"2025-01-29","Concern raised about loitering and unclear activity after dark. Lighting conditions mentioned."
"INC_0365","Maple Cross",458627.372766588,345273.785807195,"2025-08-20","Repeated late-night noise reported near flats. Near transport corridor."
"INC_0366","Maple Cross",458633.302390167,345171.949539645,"2025-02-16","Complaint logged about loud music and anti-social noise. Short repeat description."
"INC_0367","Maple Cross",459132.280931064,344838.96939094,"2025-01-31","Broken glass and signs of overnight damage were recorded. Public area involvement noted."
"INC_0368","Maple Cross",459308.136173475,345651.135303312,"2025-03-13","Resident described suspicious movement near pedestrian access points. Caller uncertain about intent."
"INC_0369","Maple Cross",458723.57112254,345500.184646323,"2025-05-24","Complaint logged about loud music and anti-social noise."
"INC_0370","Maple Cross",459492.551479192,344548.543135896,"2025-08-22","Caller described a confrontation with risk of personal harm. Several witnesses were nearby."
"INC_0371","Maple Cross",459126.40836439,344541.286073168,"2025-06-27","Safety report logged following aggressive behaviour in public space."
"INC_0372","Maple Cross",458638.403540494,344638.447698739,"2025-06-02","Report noted repeated damage to bins and surrounding fixtures. Issue appears recurring."
"INC_0373","Maple Cross",458442.595911097,345247.219018209,"2025-03-31","Resident described suspicious movement near pedestrian access points. Lighting conditions mentioned."
"INC_0374","Maple Cross",458400.34533316,344535.779653776,"2025-04-25","Damage reported to fencing and nearby street furniture. Public area involvement noted."
"INC_0375","Maple Cross",459257.763161019,345729.706966849,"2025-08-18","Incident report referenced an altercation and threat concerns."
"INC_0376","Maple Cross",459459.09033376,345637.592763721,"2025-08-05","Safety report logged following aggressive behaviour in public space."
"INC_0377","Maple Cross",459075.99211433,345679.688939173,"2025-10-02","Caller described a confrontation with risk of personal harm. Several witnesses were nearby."
"INC_0378","Maple Cross",458805.951070622,344828.890091691,"2025-06-08","Broken glass and signs of overnight damage were recorded. Nearby property affected."
"INC_0379","Maple Cross",458592.198281659,344714.022710534,"2025-02-23","Safety report logged following aggressive behaviour in public space."
"INC_0380","Maple Cross",459267.955621736,345656.897374672,"2025-09-02","Witness noted a threatening exchange requiring follow-up attention. Incident escalated quickly."
"INC_0381","Maple Cross",458907.846343396,344946.13594288,"2025-06-10","Repeated late-night noise reported near flats."
"INC_0382","Maple Cross",458622.821945491,344739.017548665,"2025-10-26","Report noted repeated damage to bins and surrounding fixtures."
"INC_0383","Maple Cross",458344.139704834,345010.871600836,"2025-03-18","Residents described persistent disturbance from street gatherings."
"INC_0384","Maple Cross",459264.200405468,344785.762634225,"2025-10-01","Concern raised about loitering and unclear activity after dark. Pedestrian route referenced."
"INC_0385","Maple Cross",459383.079594978,345688.13952406,"2025-07-25","Report noted repeated damage to bins and surrounding fixtures. Issue appears recurring."
"INC_0386","Maple Cross",458570.305281671,345604.235925698,"2025-12-15","Street-safety report logged after repeated uneasy encounters. Pattern may be intermittent."
"INC_0387","Maple Cross",458611.057079058,344961.943107539,"2025-09-04","Broken glass and signs of overnight damage were recorded. Issue appears recurring."
"INC_0388","Maple Cross",458864.678769196,345404.578392368,"2025-10-08","Caller described a confrontation with risk of personal harm."
"INC_0389","Maple Cross",458467.660675517,345463.800566656,"2025-05-25","Safety report logged following aggressive behaviour in public space. Several witnesses were nearby."
"INC_0390","Maple Cross",458782.793674214,344562.913907934,"2025-02-06","Resident described suspicious movement near pedestrian access points. Lighting conditions mentioned."
"INC_0391","Maple Cross",458793.400503151,344882.85570019,"2025-04-26","Incident report referenced an altercation and threat concerns. Follow-up details were partial."
"INC_0392","Maple Cross",458652.564053209,345168.479308881,"2025-02-23","Witness noted a threatening exchange requiring follow-up attention."
"INC_0393","Maple Cross",458362.646910688,344999.712582786,"2025-07-11","Incident report referenced an altercation and threat concerns."
"INC_0394","Maple Cross",458867.341146561,345569.356875231,"2025-04-04","Safety report logged following aggressive behaviour in public space. Several witnesses were nearby."
"INC_0395","Maple Cross",458607.401253121,345453.974188529,"2025-10-05","Graffiti and minor vandalism observed on public-facing property. Issue appears recurring."
"INC_0396","Maple Cross",458087.816765073,344722.16581218,"2025-11-21","Damage reported to fencing and nearby street furniture."
"INC_0397","Maple Cross",459291.753271882,345614.581072509,"2025-09-08","Report noted repeated damage to bins and surrounding fixtures. Possible overnight timing."
"INC_0398","Maple Cross",458843.748491712,345472.941957227,"2025-10-10","Safety report logged following aggressive behaviour in public space. Several witnesses were nearby."
"INC_0399","Maple Cross",458184.402955795,344615.094659172,"2025-11-29","Witness noted a threatening exchange requiring follow-up attention. Follow-up details were partial."
"INC_0400","Maple Cross",459250.350819648,344514.970168959,"2025-08-24","Incident report referenced an altercation and threat concerns. Several witnesses were nearby."
"INC_0401","Maple Cross",458809.866647181,344723.35495514,"2025-01-16","Residents described persistent disturbance from street gatherings. Linked to visitor activity."
"INC_0402","Maple Cross",459406.590716281,345440.810339068,"2025-12-10","Graffiti and minor vandalism observed on public-facing property. Possible overnight timing."
"INC_0403","Maple Cross",459290.763851383,345283.537385616,"2025-11-03","Report noted repeated damage to bins and surrounding fixtures."
"INC_0404","Maple Cross",459290.254185574,344755.020768307,"2025-06-12","Incident report referenced an altercation and threat concerns. Several witnesses were nearby."
"INC_0405","Maple Cross",458579.814112696,345193.915087304,"2025-05-15","Broken glass and signs of overnight damage were recorded. Nearby property affected."
"INC_0406","Maple Cross",458855.593262617,344660.684641986,"2025-07-02","Damage reported to fencing and nearby street furniture. Nearby property affected."
"INC_0407","Maple Cross",458588.360703391,345502.959562875,"2025-10-01","Safety report logged following aggressive behaviour in public space. Several witnesses were nearby."
"INC_0408","Maple Cross",458895.599198026,345180.153857158,"2025-05-05","Witness noted a threatening exchange requiring follow-up attention. Incident escalated quickly."
"INC_0409","Maple Cross",459107.082830163,345762.118731713,"2025-12-08","Incident report referenced an altercation and threat concerns. Further context remained limited."
"INC_0410","Maple Cross",459125.628219807,345302.195633688,"2025-03-27","Caller described a confrontation with risk of personal harm."
"INC_0411","Maple Cross",459097.19071759,344688.052808491,"2025-04-20","Broken glass and signs of overnight damage were recorded. Public area involvement noted."
"INC_0412","Maple Cross",458263.243770027,344551.266081441,"2025-11-10","Caller reported suspicious behaviour near a poorly lit route. Pedestrian route referenced."
"INC_0413","Maple Cross",459398.931374457,345580.848809512,"2025-05-14","Caller described a confrontation with risk of personal harm. Further context remained limited."
"INC_0414","Maple Cross",459051.373276334,345514.440150764,"2025-07-31","Safety report logged following aggressive behaviour in public space. Further context remained limited."
"INC_0415","Maple Cross",458807.120381888,344997.801881623,"2025-03-28","Caller reported suspicious behaviour near a poorly lit route. Lighting conditions mentioned."
"INC_0416","Maple Cross",459012.376514567,344587.944543159,"2025-10-15","Damage reported to fencing and nearby street furniture."
"INC_0417","Maple Cross",458739.623496359,345783.238226392,"2025-12-26","Damage reported to fencing and nearby street furniture. Possible overnight timing."
"INC_0418","Maple Cross",458515.608345053,345022.437872631,"2025-05-02","Safety report logged following aggressive behaviour in public space. Further context remained limited."
"INC_0419","Maple Cross",459241.434641456,345650.107470915,"2025-03-24","Broken glass and signs of overnight damage were recorded. Nearby property affected."
"INC_0420","Maple Cross",458619.255851685,345381.649708306,"2025-09-19","Safety report logged following aggressive behaviour in public space. Follow-up details were partial."
"INC_0421","Maple Cross",459176.080560828,345343.41587948,"2025-06-29","Caller reported suspicious behaviour near a poorly lit route."
"INC_0422","Maple Cross",458812.853323361,344395.605369558,"2025-01-29","Caller described a confrontation with risk of personal harm. Follow-up details were partial."
"INC_0423","Maple Cross",458459.891838187,344610.322244203,"2025-09-08","Crowd noise and shouting noted outside licensed premises. Weekend evening pattern."
"INC_0424","Maple Cross",458572.767273857,345127.31209474,"2025-07-03","Safety report logged following aggressive behaviour in public space."
"INC_0425","Maple Cross",459366.430104742,344566.304197335,"2025-01-09","Damage reported to fencing and nearby street furniture. Possible overnight timing."
"INC_0426","Maple Cross",458702.403492982,344602.339623394,"2025-09-17","Witness noted a threatening exchange requiring follow-up attention. Follow-up details were partial."
"INC_0427","Maple Cross",458675.281249923,345719.439481999,"2025-10-09","Graffiti and minor vandalism observed on public-facing property."
"INC_0428","Maple Cross",458917.689915686,345711.414975519,"2025-06-29","Caller reported suspicious behaviour near a poorly lit route."
"INC_0429","Maple Cross",458721.61485323,344454.702807052,"2025-09-27","Broken glass and signs of overnight damage were recorded."
"INC_0430","Maple Cross",459307.090915012,345727.096147875,"2025-04-22","Incident report referenced an altercation and threat concerns."
"INC_0431","Maple Cross",458787.181171988,344597.822967878,"2025-06-16","Broken glass and signs of overnight damage were recorded. Possible overnight timing."
"INC_0432","Maple Cross",458162.506675554,344680.861669528,"2025-08-08","Resident described suspicious movement near pedestrian access points. Caller uncertain about intent."
"INC_0433","Maple Cross",458176.443571995,344733.967664786,"2025-06-02","Incident report referenced an altercation and threat concerns. Follow-up details were partial."
"INC_0434","Maple Cross",458796.844288247,344903.513673033,"2025-10-25","Safety report logged following aggressive behaviour in public space."
"INC_0435","Maple Cross",458996.120706989,345370.44061829,"2025-02-03","Incident report referenced an altercation and threat concerns. Several witnesses were nearby."
"INC_0436","Maple Cross",458206.537711271,344739.190428219,"2025-08-06","Residents described persistent disturbance from street gatherings."
"INC_0437","Maple Cross",458032.116407329,344596.55606934,"2025-11-27","Safety report logged following aggressive behaviour in public space. Further context remained limited."
"INC_0438","Maple Cross",459061.863450432,344821.956186131,"2025-08-12","Resident described suspicious movement near pedestrian access points. Pattern may be intermittent."
"INC_0439","Maple Cross",458912.706080014,345744.862383219,"2025-03-15","Report noted repeated damage to bins and surrounding fixtures. Possible overnight timing."
"INC_0440","Maple Cross",458247.732151555,344583.637509129,"2025-02-06","Crowd noise and shouting noted outside licensed premises."
"INC_0441","Maple Cross",458829.776438368,345328.031289176,"2025-06-15","Witness noted a threatening exchange requiring follow-up attention. Several witnesses were nearby."
"INC_0442","Maple Cross",458285.787927093,344493.678105396,"2025-12-31","Damage reported to fencing and nearby street furniture. Public area involvement noted."
"INC_0443","Maple Cross",458490.379805017,344849.720540494,"2025-02-05","Report noted repeated damage to bins and surrounding fixtures. Possible overnight timing."
"INC_0444","Maple Cross",458191.723349003,344559.568971158,"2025-01-13","Street-safety report logged after repeated uneasy encounters. Pattern may be intermittent."
"INC_0445","Maple Cross",459031.460786941,344602.798681713,"2025-06-26","Incident report referenced an altercation and threat concerns. Incident escalated quickly."
"INC_0446","Maple Cross",459533.425440204,344573.852497892,"2025-01-25","Street-safety report logged after repeated uneasy encounters. Pedestrian route referenced."
"INC_0447","Maple Cross",458773.542172711,345493.490574911,"2025-02-10","Graffiti and minor vandalism observed on public-facing property. Nearby property affected."
"INC_0448","Maple Cross",458541.224009289,344589.987628244,"2025-09-08","Concern raised about loitering and unclear activity after dark. Pattern may be intermittent."
"INC_0449","Maple Cross",458584.947042667,344740.914300882,"2025-01-13","Report noted repeated damage to bins and surrounding fixtures. Possible overnight timing."
"INC_0450","Maple Cross",459229.566785173,344825.248371066,"2025-07-28","Resident described suspicious movement near pedestrian access points. Pedestrian route referenced."
"INC_0451","Maple Cross",459507.667902588,345505.805720642,"2025-12-11","Incident report referenced an altercation and threat concerns."
"INC_0452","Maple Cross",459045.927939384,345098.002980085,"2025-08-07","Incident report referenced an altercation and threat concerns."
"INC_0453","Maple Cross",459066.535036302,345655.922077756,"2025-06-20","Concern raised about loitering and unclear activity after dark."
"INC_0454","Maple Cross",458539.666320404,344936.132834779,"2025-02-04","Incident report referenced an altercation and threat concerns. Several witnesses were nearby."
"INC_0455","Maple Cross",458539.680539523,344936.134799758,"2025-12-24","Resident described suspicious movement near pedestrian access points. Pattern may be intermittent."
"INC_0456","Maple Cross",458539.654923605,344936.145099912,"2025-07-05","Safety report logged following aggressive behaviour in public space."
"INC_0457","Maple Cross",458539.665041093,344936.17015551,"2025-06-13","Witness noted a threatening exchange requiring follow-up attention."
"INC_0458","Maple Cross",458539.674207371,344936.134248367,"2025-09-10","Repeated late-night noise reported near flats."
"INC_0459","Maple Cross",458539.679402411,344936.138325841,"2025-09-25","Broken glass and signs of overnight damage were recorded. Possible overnight timing."
"INC_0460","Maple Cross",458539.672996803,344936.150999277,"2025-09-28","Safety report logged following aggressive behaviour in public space. Incident escalated quickly."
"INC_0461","Maple Cross",458539.676389095,344936.118590173,"2025-05-08","Report noted repeated damage to bins and surrounding fixtures."
"INC_0462","Maple Cross",458539.691625203,344936.141383395,"2025-12-11","Caller described a confrontation with risk of personal harm. Several witnesses were nearby."
"INC_0463","Maple Cross",458539.670793854,344936.105382847,"2025-07-27","Resident described suspicious movement near pedestrian access points."
"INC_0464","Maple Cross",458539.680522409,344936.126144626,"2025-08-08","Damage reported to fencing and nearby street furniture."
"INC_0465","Maple Cross",458539.66347035,344936.144783674,"2025-04-15","Concern raised about loitering and unclear activity after dark."
"INC_0466","Maple Cross",458539.68197982,344936.167237741,"2025-07-11","Witness noted a threatening exchange requiring follow-up attention. Incident escalated quickly."
"INC_0467","Maple Cross",458539.670813321,344936.137889707,"2025-05-22","Concern raised about loitering and unclear activity after dark. Lighting conditions mentioned."
"INC_0468","Maple Cross",458539.673542538,344936.12426248,"2025-08-27","Incident report referenced an altercation and threat concerns."
"INC_0469","Maple Cross",458539.693275421,344936.145596898,"2025-07-14","Damage reported to fencing and nearby street furniture. Public area involvement noted."
"INC_0470","Maple Cross",458539.669634911,344936.151512772,"2025-12-16","Resident described suspicious movement near pedestrian access points. Pattern may be intermittent."
"INC_0471","Maple Cross",458539.676734,344936.149780883,"2025-06-23","Safety report logged following aggressive behaviour in public space. Further context remained limited."
"INC_0472","Maple Cross",458539.692618388,344936.124371083,"2025-05-24","Incident report referenced an altercation and threat concerns. Several witnesses were nearby."
"INC_0473","Maple Cross",458539.687762139,344936.151589255,"2025-12-29","Resident described suspicious movement near pedestrian access points."
"INC_0474","Maple Cross",458539.686193924,344936.162276362,"2025-05-28","Broken glass and signs of overnight damage were recorded. Nearby property affected."
"INC_0475","Maple Cross",458539.678473642,344936.120676774,"2025-09-17","Concern raised about loitering and unclear activity after dark."
"INC_0476","Maple Cross",458539.675941238,344936.137398666,"2025-05-19","Caller described a confrontation with risk of personal harm. Further context remained limited."
"INC_0477","Maple Cross",458539.681184887,344936.138706265,"2025-11-29","Caller described a confrontation with risk of personal harm."
"INC_0478","Maple Cross",458539.685574712,344936.138766225,"2025-01-06","Caller described a confrontation with risk of personal harm. Several witnesses were nearby."
"INC_0479","Maple Cross",458539.684455943,344936.123249563,"2025-02-08","Caller reported suspicious behaviour near a poorly lit route. Pattern may be intermittent."
"INC_0480","Maple Cross",458539.69902409,344936.145125923,"2025-02-22","Damage reported to fencing and nearby street furniture."
"INC_0481","Maple Cross",458539.67165414,344936.140123723,"2025-05-09","Safety report logged following aggressive behaviour in public space. Further context remained limited."
"INC_0482","Maple Cross",458539.672829493,344936.126035747,"2025-12-26","Safety report logged following aggressive behaviour in public space. Incident escalated quickly."
"INC_0483","Maple Cross",458539.685040574,344936.150441848,"2025-03-23","Street-safety report logged after repeated uneasy encounters. Lighting conditions mentioned."
"INC_0484","Maple Cross",458539.674554524,344936.126931251,"2025-06-08","Witness noted a threatening exchange requiring follow-up attention. Several witnesses were nearby."
"INC_0485","Maple Cross",458539.700879516,344936.103498515,"2025-06-02","Witness noted a threatening exchange requiring follow-up attention. Follow-up details were partial."
"INC_0486","Maple Cross",458539.687894344,344936.126105821,"2025-06-29","Report noted repeated damage to bins and surrounding fixtures."
"INC_0487","Maple Cross",458539.689760263,344936.126362761,"2025-06-11","Safety report logged following aggressive behaviour in public space. Several witnesses were nearby."
"INC_0488","Maple Cross",458539.669686131,344936.14242154,"2025-06-02","Graffiti and minor vandalism observed on public-facing property."
"INC_0489","Maple Cross",458539.692237949,344936.134538009,"2025-12-10","Witness noted a threatening exchange requiring follow-up attention. Incident escalated quickly."
"INC_0490","Maple Cross",458539.674094651,344936.117317059,"2025-07-29","Safety report logged following aggressive behaviour in public space."
"INC_0491","Maple Cross",458539.692675675,344936.146041613,"2025-11-30","Damage reported to fencing and nearby street furniture. Nearby property affected."
"INC_0492","Maple Cross",458539.717738707,344936.15386125,"2025-03-19","Broken glass and signs of overnight damage were recorded. Issue appears recurring."
"INC_0493","Maple Cross",458539.681254701,344936.142812767,"2025-07-28","Caller described a confrontation with risk of personal harm. Follow-up details were partial."
"INC_0494","Maple Cross",458539.676912615,344936.136934793,"2025-08-26","Crowd noise and shouting noted outside licensed premises. Linked to visitor activity."
"INC_0495","Maple Cross",458539.686052554,344936.124482452,"2025-06-22","Street-safety report logged after repeated uneasy encounters. Lighting conditions mentioned."
"INC_0496","Maple Cross",458539.706862712,344936.105193559,"2025-03-11","Caller reported suspicious behaviour near a poorly lit route."
"INC_0497","Maple Cross",458539.69829699,344936.134783575,"2025-03-23","Witness noted a threatening exchange requiring follow-up attention. Incident escalated quickly."
"INC_0498","Maple Cross",458539.699647919,344936.141734224,"2025-03-28","Report noted repeated damage to bins and surrounding fixtures. Possible overnight timing."
"INC_0499","Maple Cross",458539.671682365,344936.098879102,"2025-03-21","Witness noted a threatening exchange requiring follow-up attention."
"INC_0500","Maple Cross",458539.680363872,344936.142908547,"2025-09-27","Damage reported to fencing and nearby street furniture. Nearby property affected."
"INC_0501","Maple Cross",458539.687409685,344936.121184161,"2025-10-11","Damage reported to fencing and nearby street furniture. Possible overnight timing."
"INC_0502","Maple Cross",458539.682386405,344936.140572692,"2025-10-13","Witness noted a threatening exchange requiring follow-up attention."
"INC_0503","Maple Cross",458539.676122134,344936.153507067,"2025-04-10","Witness noted a threatening exchange requiring follow-up attention."
"INC_0504","Maple Cross",458539.652658586,344936.15539259,"2025-12-27","Caller described a confrontation with risk of personal harm. Several witnesses were nearby."
"INC_0505","Maple Cross",458539.669209457,344936.129802389,"2025-12-23","Caller reported suspicious behaviour near a poorly lit route."
"INC_0506","Maple Cross",458539.678528253,344936.167333872,"2025-05-03","Witness noted a threatening exchange requiring follow-up attention."
"INC_0507","Maple Cross",458539.671742302,344936.154131951,"2025-05-27","Street-safety report logged after repeated uneasy encounters. Lighting conditions mentioned."
"INC_0508","Maple Cross",458539.687250865,344936.158886856,"2025-01-02","Concern raised about loitering and unclear activity after dark. Pattern may be intermittent."
"INC_0509","Maple Cross",458539.695045478,344936.136456991,"2025-06-22","Damage reported to fencing and nearby street furniture. Issue appears recurring."
"INC_0510","Maple Cross",458539.680115745,344936.132723938,"2025-11-25","Witness noted a threatening exchange requiring follow-up attention. Further context remained limited."
"INC_0511","Maple Cross",458539.675301526,344936.170664921,"2025-05-31","Incident report referenced an altercation and threat concerns. Several witnesses were nearby."
"INC_0512","Maple Cross",458539.683206546,344936.132590099,"2025-10-07","Report noted repeated damage to bins and surrounding fixtures. Nearby property affected."
"INC_0513","Maple Cross",458539.687715778,344936.161733546,"2025-09-27","Broken glass and signs of overnight damage were recorded. Issue appears recurring."
"INC_0514","Maple Cross",458539.683384706,344936.132481036,"2025-01-19","Report noted repeated damage to bins and surrounding fixtures. Possible overnight timing."
"INC_0515","Maple Cross",458539.676504048,344936.136379644,"2025-07-14","Graffiti and minor vandalism observed on public-facing property. Public area involvement noted."
"INC_0516","Maple Cross",458539.693505701,344936.12546883,"2025-11-25","Damage reported to fencing and nearby street furniture. Public area involvement noted."
"INC_0517","Maple Cross",458539.679596952,344936.123969833,"2025-03-24","Report noted repeated damage to bins and surrounding fixtures. Nearby property affected."
"INC_0518","Maple Cross",458539.684407287,344936.137478556,"2025-07-29","Incident report referenced an altercation and threat concerns. Several witnesses were nearby."
"INC_0519","Maple Cross",458539.667856324,344936.130339988,"2025-07-19","Concern raised about loitering and unclear activity after dark."
"INC_0520","Maple Cross",458539.694224711,344936.133952153,"2025-12-06","Witness noted a threatening exchange requiring follow-up attention. Further context remained limited."
"INC_0521","Maple Cross",458539.70981267,344936.13740829,"2025-10-14","Residents described persistent disturbance from street gatherings."
"INC_0522","Maple Cross",458539.676482312,344936.107163524,"2025-06-05","Incident report referenced an altercation and threat concerns. Further context remained limited."
"INC_0523","Maple Cross",458539.70246822,344936.127800711,"2025-09-12","Caller reported suspicious behaviour near a poorly lit route. Lighting conditions mentioned."
"INC_0524","Maple Cross",458539.678895372,344936.147130026,"2025-12-25","Safety report logged following aggressive behaviour in public space."
"INC_0525","Maple Cross",458539.676162654,344936.118404592,"2025-12-03","Report noted repeated damage to bins and surrounding fixtures. Issue appears recurring."
"INC_0526","Maple Cross",458539.674522146,344936.140412358,"2025-10-19","Resident described suspicious movement near pedestrian access points."
"INC_0527","Maple Cross",458539.678543784,344936.139907286,"2025-02-23","Report noted repeated damage to bins and surrounding fixtures. Nearby property affected."
"INC_0528","Maple Cross",458539.696429229,344936.140635102,"2025-06-06","Caller described a confrontation with risk of personal harm."
"INC_0529","Maple Cross",458539.671939759,344936.146129806,"2025-01-07","Caller reported suspicious behaviour near a poorly lit route. Caller uncertain about intent."
"INC_0530","Maple Cross",458539.663740638,344936.140668634,"2025-06-27","Damage reported to fencing and nearby street furniture."
"INC_0531","Maple Cross",458539.704398653,344936.119501439,"2025-10-27","Safety report logged following aggressive behaviour in public space. Follow-up details were partial."
"INC_0532","Maple Cross",458539.683481014,344936.155391498,"2025-07-12","Complaint logged about loud music and anti-social noise. Short repeat description."
"INC_0533","Maple Cross",458539.675310834,344936.138632255,"2025-05-14","Broken glass and signs of overnight damage were recorded. Nearby property affected."
"INC_0534","Maple Cross",458539.694051635,344936.156897656,"2025-07-26","Broken glass and signs of overnight damage were recorded."
"INC_0535","Maple Cross",458539.673929551,344936.13152028,"2025-03-19","Report noted repeated damage to bins and surrounding fixtures."
"INC_0536","Maple Cross",458539.684873199,344936.142050254,"2025-12-01","Broken glass and signs of overnight damage were recorded. Possible overnight timing."
"INC_0537","Maple Cross",458539.684140403,344936.141488776,"2025-10-23","Safety report logged following aggressive behaviour in public space."
"INC_0538","Maple Cross",458539.703223846,344936.141391137,"2025-07-21","Witness noted a threatening exchange requiring follow-up attention. Several witnesses were nearby."
"INC_0539","Maple Cross",458539.675191382,344936.154902858,"2025-02-12","Damage reported to fencing and nearby street furniture."
"INC_0540","Maple Cross",458539.690493109,344936.13001434,"2025-06-08","Resident described suspicious movement near pedestrian access points. Pedestrian route referenced."
"INC_0541","Maple Cross",458539.709426386,344936.151074227,"2025-08-12","Repeated late-night noise reported near flats. Short repeat description."
"INC_0542","Maple Cross",458539.664039199,344936.148559622,"2025-06-19","Incident report referenced an altercation and threat concerns."
"INC_0543","Maple Cross",458539.666110121,344936.153004343,"2025-10-14","Concern raised about loitering and unclear activity after dark. Caller uncertain about intent."
"INC_0544","Maple Cross",458539.672188664,344936.162362304,"2025-02-20","Safety report logged following aggressive behaviour in public space."
"INC_0545","Maple Cross",458539.705569444,344936.125611523,"2025-06-14","Graffiti and minor vandalism observed on public-facing property. Possible overnight timing."
"INC_0546","Maple Cross",458539.672196629,344936.132861136,"2025-11-21","Safety report logged following aggressive behaviour in public space."
"INC_0547","Maple Cross",458539.689986073,344936.166678972,"2025-08-26","Graffiti and minor vandalism observed on public-facing property."
"INC_0548","Maple Cross",458539.676701179,344936.168182972,"2025-12-22","Broken glass and signs of overnight damage were recorded. Issue appears recurring."
"INC_0549","Maple Cross",458539.704316275,344936.133656942,"2025-01-26","Graffiti and minor vandalism observed on public-facing property. Issue appears recurring."
"INC_0550","Maple Cross",458539.71438001,344936.140259524,"2025-10-14","Graffiti and minor vandalism observed on public-facing property. Issue appears recurring."
"INC_0551","Maple Cross",458539.687688702,344936.129266292,"2025-01-30","Safety report logged following aggressive behaviour in public space."
"INC_0552","Maple Cross",458539.680417355,344936.152126394,"2025-12-10","Broken glass and signs of overnight damage were recorded. Nearby property affected."
"INC_0553","Maple Cross",458539.708787415,344936.148084621,"2025-05-18","Broken glass and signs of overnight damage were recorded. Public area involvement noted."
"INC_0554","Maple Cross",458539.653522881,344936.10211565,"2025-04-30","Report noted repeated damage to bins and surrounding fixtures. Public area involvement noted."
"INC_0555","Maple Cross",458539.697027616,344936.125912452,"2025-12-17","Damage reported to fencing and nearby street furniture."
"INC_0556","Maple Cross",458539.694638035,344936.12263913,"2025-03-16","Incident report referenced an altercation and threat concerns."
"INC_0557","Maple Cross",458539.683187363,344936.152926153,"2025-09-18","Report noted repeated damage to bins and surrounding fixtures."
"INC_0558","Maple Cross",458539.661670619,344936.158952748,"2025-03-21","Witness noted a threatening exchange requiring follow-up attention."
"INC_0559","Maple Cross",458539.681865559,344936.15961724,"2025-09-14","Resident described suspicious movement near pedestrian access points."
"INC_0560","Maple Cross",458539.665489126,344936.138722392,"2025-10-22","Damage reported to fencing and nearby street furniture. Issue appears recurring."
"INC_0561","Maple Cross",458539.689031387,344936.118088314,"2025-07-07","Broken glass and signs of overnight damage were recorded. Nearby property affected."
"INC_0562","Maple Cross",458539.672575264,344936.142467756,"2025-05-15","Safety report logged following aggressive behaviour in public space. Incident escalated quickly."
"INC_0563","Maple Cross",458539.6761651,344936.155046859,"2025-05-18","Street-safety report logged after repeated uneasy encounters."
"INC_0564","Maple Cross",458539.678508948,344936.169455801,"2025-11-07","Report noted repeated damage to bins and surrounding fixtures. Issue appears recurring."
"INC_0565","Maple Cross",458539.690527355,344936.132618916,"2025-03-11","Graffiti and minor vandalism observed on public-facing property. Public area involvement noted."
"INC_0566","Maple Cross",458539.694469392,344936.146046174,"2025-06-09","Crowd noise and shouting noted outside licensed premises. Short repeat description."
"INC_0567","Maple Cross",458539.690599843,344936.13425444,"2025-02-04","Caller described a confrontation with risk of personal harm."
"INC_0568","Maple Cross",458539.677165194,344936.140785027,"2025-02-16","Damage reported to fencing and nearby street furniture. Nearby property affected."
"INC_0569","Maple Cross",458539.666676977,344936.136711489,"2025-11-26","Report noted repeated damage to bins and surrounding fixtures. Issue appears recurring."
"INC_0570","Maple Cross",458539.672863672,344936.144829635,"2025-09-21","Repeated late-night noise reported near flats. Weekend evening pattern."
"INC_0571","Maple Cross",458539.672752306,344936.125206208,"2025-11-22","Broken glass and signs of overnight damage were recorded. Public area involvement noted."
"INC_0572","Maple Cross",458539.677643948,344936.128935371,"2025-08-19","Safety report logged following aggressive behaviour in public space."
"INC_0573","Maple Cross",458539.673399364,344936.131891893,"2025-03-12","Witness noted a threatening exchange requiring follow-up attention."
"INC_0574","Maple Cross",458539.682451167,344936.136003889,"2025-11-20","Damage reported to fencing and nearby street furniture. Possible overnight timing."
"INC_0575","Maple Cross",458539.701661472,344936.133750441,"2025-12-28","Damage reported to fencing and nearby street furniture. Issue appears recurring."
"INC_0576","Maple Cross",458539.673782055,344936.139990052,"2025-02-03","Report noted repeated damage to bins and surrounding fixtures. Possible overnight timing."
"INC_0577","Maple Cross",458539.674932937,344936.130440723,"2025-08-30","Incident report referenced an altercation and threat concerns. Follow-up details were partial."
"INC_0578","Maple Cross",458539.653702489,344936.137967768,"2025-11-26","Damage reported to fencing and nearby street furniture. Possible overnight timing."
"INC_0579","Maple Cross",458539.69287941,344936.125300666,"2025-01-10","Caller described a confrontation with risk of personal harm."
"INC_0580","Maple Cross",458539.67820136,344936.124722497,"2025-01-03","Residents described persistent disturbance from street gatherings."
"INC_0581","Maple Cross",458539.675329949,344936.135836256,"2025-10-03","Repeated late-night noise reported near flats."
"INC_0582","Maple Cross",458539.660588089,344936.122083018,"2025-01-27","Safety report logged following aggressive behaviour in public space. Several witnesses were nearby."
"INC_0583","Maple Cross",458539.686608512,344936.169482272,"2025-04-11","Witness noted a threatening exchange requiring follow-up attention. Several witnesses were nearby."
"INC_0584","Maple Cross",458539.67756097,344936.152672949,"2025-10-27","Graffiti and minor vandalism observed on public-facing property."
"INC_0585","Maple Cross",458539.670894375,344936.142272141,"2025-12-20","Witness noted a threatening exchange requiring follow-up attention. Several witnesses were nearby."
"INC_0586","Maple Cross",458539.656398578,344936.15214398,"2025-10-28","Witness noted a threatening exchange requiring follow-up attention. Incident escalated quickly."
"INC_0587","Maple Cross",458539.65227285,344936.12458572,"2025-03-06","Damage reported to fencing and nearby street furniture. Possible overnight timing."
"INC_0588","Maple Cross",458539.678543253,344936.160747982,"2025-04-26","Broken glass and signs of overnight damage were recorded. Public area involvement noted."
"INC_0589","Maple Cross",458539.663727838,344936.118729702,"2025-08-05","Incident report referenced an altercation and threat concerns. Follow-up details were partial."
"INC_0590","Maple Cross",458539.676444312,344936.111387713,"2025-05-17","Witness noted a threatening exchange requiring follow-up attention."
"INC_0591","Maple Cross",458539.687881441,344936.142891377,"2025-03-19","Street-safety report logged after repeated uneasy encounters. Pattern may be intermittent."
"INC_0592","Maple Cross",458539.693649656,344936.166224567,"2025-12-07","Residents described persistent disturbance from street gatherings. Linked to visitor activity."
"INC_0593","Maple Cross",458539.673216768,344936.133986052,"2025-09-29","Report noted repeated damage to bins and surrounding fixtures. Nearby property affected."
"INC_0594","Maple Cross",458539.717526749,344936.13578434,"2025-10-08","Report noted repeated damage to bins and surrounding fixtures. Issue appears recurring."
"INC_0595","Maple Cross",458539.690388478,344936.139063971,"2025-03-28","Street-safety report logged after repeated uneasy encounters. Caller uncertain about intent."
"INC_0596","Maple Cross",458539.680001564,344936.149906249,"2025-12-21","Incident report referenced an altercation and threat concerns. Follow-up details were partial."
"INC_0597","Maple Cross",458539.681429684,344936.110479828,"2025-08-11","Witness noted a threatening exchange requiring follow-up attention. Follow-up details were partial."
"INC_0598","Maple Cross",458539.681311593,344936.158563367,"2025-05-23","Caller described a confrontation with risk of personal harm. Further context remained limited."
"INC_0599","Maple Cross",458539.668280166,344936.123389552,"2025-09-10","Graffiti and minor vandalism observed on public-facing property. Issue appears recurring."
"INC_0600","Maple Cross",458539.658521054,344936.151670188,"2025-07-24","Safety report logged following aggressive behaviour in public space. Further context remained limited."
"INC_0601","Maple Cross",458539.668728414,344936.118136646,"2025-02-16","Damage reported to fencing and nearby street furniture. Issue appears recurring."
"INC_0602","Maple Cross",458539.713610834,344936.159394773,"2025-09-29","Report noted repeated damage to bins and surrounding fixtures. Issue appears recurring."
"INC_0603","Maple Cross",458539.67990546,344936.118667972,"2025-12-27","Report noted repeated damage to bins and surrounding fixtures. Public area involvement noted."
"INC_0604","Maple Cross",458539.702205526,344936.130750081,"2025-08-30","Safety report logged following aggressive behaviour in public space. Several witnesses were nearby."
"INC_0605","Maple Cross",458539.704901218,344936.13167599,"2025-02-12","Caller described a confrontation with risk of personal harm."
"INC_0606","Maple Cross",458539.681244045,344936.128633898,"2025-11-06","Resident described suspicious movement near pedestrian access points. Pattern may be intermittent."
"INC_0607","Maple Cross",458539.689950068,344936.146259028,"2025-12-31","Damage reported to fencing and nearby street furniture. Possible overnight timing."
"INC_0608","Maple Cross",458539.680330209,344936.123276111,"2025-12-08","Graffiti and minor vandalism observed on public-facing property."
"INC_0609","Maple Cross",458539.714462445,344936.132043192,"2025-05-17","Safety report logged following aggressive behaviour in public space."
"INC_0610","Maple Cross",458539.698656731,344936.137403605,"2025-07-23","Incident report referenced an altercation and threat concerns. Several witnesses were nearby."
"INC_0611","Maple Cross",458539.669898913,344936.149394737,"2025-06-24","Graffiti and minor vandalism observed on public-facing property."
"INC_0612","Maple Cross",458539.70093544,344936.147030824,"2025-11-16","Witness noted a threatening exchange requiring follow-up attention."
"INC_0613","Maple Cross",458539.654299823,344936.146112886,"2025-08-09","Safety report logged following aggressive behaviour in public space. Incident escalated quickly."
"INC_0614","Maple Cross",458539.674352156,344936.132203442,"2025-11-21","Report noted repeated damage to bins and surrounding fixtures."
"INC_0615","Maple Cross",458539.661742075,344936.125489918,"2025-10-05","Residents described persistent disturbance from street gatherings. Short repeat description."
"INC_0616","Maple Cross",458539.692956602,344936.111196736,"2025-05-22","Incident report referenced an altercation and threat concerns. Incident escalated quickly."
"INC_0617","Maple Cross",458539.668368655,344936.15052143,"2025-11-15","Damage reported to fencing and nearby street furniture."
"INC_0618","Maple Cross",458539.675771825,344936.157631449,"2025-07-11","Broken glass and signs of overnight damage were recorded. Nearby property affected."
"INC_0619","Maple Cross",458539.659029497,344936.131063933,"2025-07-29","Graffiti and minor vandalism observed on public-facing property. Issue appears recurring."
"INC_0620","Maple Cross",458539.690307937,344936.129558414,"2025-10-01","Witness noted a threatening exchange requiring follow-up attention. Incident escalated quickly."
"INC_0621","Maple Cross",458539.682465323,344936.15738087,"2025-03-15","Incident report referenced an altercation and threat concerns."
"INC_0622","Maple Cross",458539.676306987,344936.101971652,"2025-07-02","Broken glass and signs of overnight damage were recorded."
"INC_0623","Maple Cross",458539.662487867,344936.16484895,"2025-09-10","Repeated late-night noise reported near flats."
"INC_0624","Maple Cross",458539.69869024,344936.139738973,"2025-10-24","Report noted repeated damage to bins and surrounding fixtures. Nearby property affected."
"INC_0625","Maple Cross",458539.706446787,344936.125717594,"2025-09-06","Witness noted a threatening exchange requiring follow-up attention. Incident escalated quickly."
"INC_0626","Maple Cross",458539.672294213,344936.121749258,"2025-01-26","Safety report logged following aggressive behaviour in public space."
"INC_0627","Maple Cross",458539.670216548,344936.131493817,"2025-05-24","Broken glass and signs of overnight damage were recorded. Public area involvement noted."
"INC_0628","Maple Cross",458539.710325022,344936.119637704,"2025-09-18","Witness noted a threatening exchange requiring follow-up attention."
"INC_0629","Maple Cross",458539.671304452,344936.143855574,"2025-07-28","Incident report referenced an altercation and threat concerns. Incident escalated quickly."
"INC_0630","Maple Cross",458539.718456458,344936.162294599,"2025-11-22","Report noted repeated damage to bins and surrounding fixtures. Public area involvement noted."
"INC_0631","Maple Cross",458539.68415202,344936.106877457,"2025-10-17","Caller described a confrontation with risk of personal harm. Several witnesses were nearby."
"INC_0632","Maple Cross",458539.671322464,344936.156583512,"2025-11-02","Graffiti and minor vandalism observed on public-facing property."
"INC_0633","Maple Cross",458539.706947769,344936.150835971,"2025-07-24","Concern raised about loitering and unclear activity after dark."
"INC_0634","Maple Cross",458539.664973657,344936.14302158,"2025-04-07","Report noted repeated damage to bins and surrounding fixtures. Public area involvement noted."
"INC_0635","Maple Cross",458539.676227785,344936.12828678,"2025-12-03","Repeated late-night noise reported near flats. Near transport corridor."
"INC_0636","Maple Cross",458539.706717659,344936.150677301,"2025-07-20","Witness noted a threatening exchange requiring follow-up attention. Incident escalated quickly."
"INC_0637","Maple Cross",458539.677315695,344936.144809774,"2025-06-13","Graffiti and minor vandalism observed on public-facing property. Possible overnight timing."
"INC_0638","Maple Cross",458539.673737855,344936.137042286,"2025-03-25","Graffiti and minor vandalism observed on public-facing property. Possible overnight timing."
"INC_0639","Maple Cross",458539.664386565,344936.132846569,"2025-02-23","Street-safety report logged after repeated uneasy encounters. Pattern may be intermittent."
"INC_0640","Maple Cross",458539.671198125,344936.152085769,"2025-02-24","Concern raised about loitering and unclear activity after dark."
"INC_0641","Maple Cross",458539.66870945,344936.146981706,"2025-09-25","Witness noted a threatening exchange requiring follow-up attention. Several witnesses were nearby."
"INC_0642","Maple Cross",458539.690195508,344936.140247631,"2025-05-16","Caller described a confrontation with risk of personal harm. Follow-up details were partial."
"INC_0643","Maple Cross",458539.681879656,344936.142335778,"2025-04-22","Resident described suspicious movement near pedestrian access points. Caller uncertain about intent."
"INC_0644","Maple Cross",458539.671621328,344936.148831942,"2025-07-06","Caller reported suspicious behaviour near a poorly lit route. Pattern may be intermittent."
"INC_0645","Maple Cross",458539.689285371,344936.158403672,"2025-10-12","Safety report logged following aggressive behaviour in public space."
"INC_0646","Maple Cross",458539.67693634,344936.10188231,"2025-07-19","Caller described a confrontation with risk of personal harm."
"INC_0647","Maple Cross",458539.655143399,344936.146327657,"2025-11-16","Incident report referenced an altercation and threat concerns. Several witnesses were nearby."
"INC_0648","Maple Cross",458539.690273871,344936.10828655,"2025-06-24","Broken glass and signs of overnight damage were recorded. Possible overnight timing."
"INC_0649","Maple Cross",458539.674597862,344936.130033799,"2025-12-14","Broken glass and signs of overnight damage were recorded."
"INC_0650","Maple Cross",458539.673595164,344936.1319075,"2025-08-26","Safety report logged following aggressive behaviour in public space. Several witnesses were nearby."
"INC_0651","Maple Cross",458539.673330827,344936.119886241,"2025-07-06","Concern raised about loitering and unclear activity after dark. Lighting conditions mentioned."
"INC_0652","Maple Cross",458539.701103839,344936.135639378,"2025-07-16","Incident report referenced an altercation and threat concerns."
"INC_0653","Maple Cross",458539.686118699,344936.129867637,"2025-10-03","Caller reported suspicious behaviour near a poorly lit route."
"INC_0654","Maple Cross",458539.687939498,344936.147013736,"2025-06-12","Graffiti and minor vandalism observed on public-facing property. Possible overnight timing."
"INC_0655","Maple Cross",458539.679715456,344936.145835899,"2025-12-23","Report noted repeated damage to bins and surrounding fixtures. Nearby property affected."
"INC_0656","Maple Cross",458539.688513675,344936.137416827,"2025-12-16","Caller reported suspicious behaviour near a poorly lit route."
"INC_0657","Maple Cross",458539.699461287,344936.135846482,"2025-11-22","Report noted repeated damage to bins and surrounding fixtures. Possible overnight timing."
"INC_0658","Maple Cross",458539.697134354,344936.133810733,"2025-04-26","Caller reported suspicious behaviour near a poorly lit route. Pedestrian route referenced."
"INC_0659","Maple Cross",458539.662587929,344936.136106944,"2025-05-22","Damage reported to fencing and nearby street furniture. Issue appears recurring."
"INC_0660","Maple Cross",458539.685733119,344936.116133675,"2025-07-27","Witness noted a threatening exchange requiring follow-up attention. Follow-up details were partial."
"INC_0661","Maple Cross",458539.716408441,344936.143239205,"2025-07-28","Safety report logged following aggressive behaviour in public space. Incident escalated quickly."
"INC_0662","Maple Cross",458539.682123112,344936.150664977,"2025-03-16","Graffiti and minor vandalism observed on public-facing property. Possible overnight timing."
"INC_0663","Maple Cross",458539.706148381,344936.125870081,"2025-05-13","Broken glass and signs of overnight damage were recorded. Issue appears recurring."
"INC_0664","Maple Cross",458539.684529288,344936.143325498,"2025-04-20","Broken glass and signs of overnight damage were recorded. Possible overnight timing."
"INC_0665","Maple Cross",458539.685727617,344936.155750984,"2025-08-05","Incident report referenced an altercation and threat concerns."
"INC_0666","Maple Cross",458539.695365844,344936.139631886,"2025-09-26","Caller described a confrontation with risk of personal harm. Incident escalated quickly."
"INC_0667","Maple Cross",458539.659355633,344936.141203253,"2025-09-20","Graffiti and minor vandalism observed on public-facing property."
"INC_0668","Maple Cross",458539.695549823,344936.130288149,"2025-02-02","Graffiti and minor vandalism observed on public-facing property. Public area involvement noted."
"INC_0669","Maple Cross",458539.681709107,344936.160511244,"2025-01-11","Witness noted a threatening exchange requiring follow-up attention."
"INC_0670","Maple Cross",458539.675718503,344936.153799493,"2025-12-15","Caller described a confrontation with risk of personal harm. Follow-up details were partial."
"INC_0671","Maple Cross",458539.703640839,344936.158178492,"2025-08-05","Graffiti and minor vandalism observed on public-facing property."
"INC_0672","Maple Cross",458539.69469609,344936.148175845,"2025-11-29","Report noted repeated damage to bins and surrounding fixtures."
"INC_0673","Maple Cross",458539.667723427,344936.14218367,"2025-10-11","Caller described a confrontation with risk of personal harm. Incident escalated quickly."
"INC_0674","High Orchard",456773.62187485,340947.761786789,"2025-01-01","Complaint logged about loud music and anti-social noise. Near transport corridor."
"INC_0675","High Orchard",456411.048053561,340290.883199024,"2025-10-09","Damage reported to fencing and nearby street furniture. Issue appears recurring."
"INC_0676","High Orchard",456001.002315538,341035.193809551,"2025-01-13","Safety report logged following aggressive behaviour in public space. Follow-up details were partial."
"INC_0677","High Orchard",456001.019636011,341035.180143836,"2025-09-04","Resident described suspicious movement near pedestrian access points."
"INC_0678","High Orchard",456001.002644816,341035.189356766,"2025-08-10","Broken glass and signs of overnight damage were recorded."
"INC_0679","Priory Green",454821.120258358,340457.082665561,"2025-06-12","Damage reported to fencing and nearby street furniture. Possible overnight timing."
"INC_0680","Priory Green",453446.655173596,341608.975395087,"2025-08-28","Concern raised about loitering and unclear activity after dark."
"INC_0681","Priory Green",454159.904616745,341788.662458126,"2025-10-01","Caller reported suspicious behaviour near a poorly lit route. Caller uncertain about intent."
"INC_0682","Priory Green",453553.529715116,341572.925044566,"2025-08-28","Graffiti and minor vandalism observed on public-facing property. Public area involvement noted."
"INC_0683","Priory Green",453553.549930904,341572.92756512,"2025-06-13","Damage reported to fencing and nearby street furniture. Public area involvement noted."
"INC_0684","Priory Green",453553.532131748,341572.882721179,"2025-04-11","Street-safety report logged after repeated uneasy encounters."
"INC_0685","Briar Fold",454808.852061768,337366.633864616,"2025-02-05","Broken glass and signs of overnight damage were recorded. Public area involvement noted."
"INC_0686","Briar Fold",453769.214191476,338719.602051977,"2025-01-10","Incident report referenced an altercation and threat concerns. Several witnesses were nearby."
"INC_0687","Willow Bank",458741.668207159,342267.511682709,"2025-12-14","Crowd noise and shouting noted outside licensed premises. Short repeat description."
"INC_0688","Willow Bank",457908.809527345,342105.344388318,"2025-12-19","Caller reported suspicious behaviour near a poorly lit route. Pedestrian route referenced."
"INC_0689","Willow Bank",457267.92765125,341417.096744133,"2025-03-15","Caller described a confrontation with risk of personal harm. Further context remained limited."
"INC_0690","Willow Bank",457506.680669013,342065.061215923,"2025-03-06","Safety report logged following aggressive behaviour in public space."
"INC_0691","Willow Bank",458124.363343954,341456.18227212,"2025-08-07","Report noted repeated damage to bins and surrounding fixtures. Nearby property affected."
"INC_0692","Willow Bank",457141.247674116,341326.129043414,"2025-06-08","Crowd noise and shouting noted outside licensed premises. Short repeat description."
"INC_0693","Willow Bank",457791.498064883,342005.436164986,"2025-07-21","Safety report logged following aggressive behaviour in public space. Follow-up details were partial."
"INC_0694","Willow Bank",457344.678355968,341911.49833029,"2025-02-01","Caller described a confrontation with risk of personal harm."
"INC_0695","Willow Bank",457460.849733802,342011.855638957,"2025-02-28","Street-safety report logged after repeated uneasy encounters."
"INC_0696","Willow Bank",458247.403041354,341569.358446189,"2025-02-23","Graffiti and minor vandalism observed on public-facing property."
"INC_0697","Willow Bank",459075.742196467,342085.582837621,"2025-12-18","Complaint logged about loud music and anti-social noise."
"INC_0698","Willow Bank",457580.00059817,341574.543621556,"2025-02-18","Report noted repeated damage to bins and surrounding fixtures. Public area involvement noted."
"INC_0699","Willow Bank",457703.091456823,342539.798016835,"2025-05-16","Safety report logged following aggressive behaviour in public space."
"INC_0700","Willow Bank",458909.292414715,342328.106263204,"2025-12-05","Caller described a confrontation with risk of personal harm. Incident escalated quickly."
"INC_0701","Willow Bank",457177.013098487,341446.720873973,"2025-03-13","Incident report referenced an altercation and threat concerns. Incident escalated quickly."
"INC_0702","Willow Bank",457586.275077226,342512.502518838,"2025-07-04","Residents described persistent disturbance from street gatherings. Linked to visitor activity."
"INC_0703","Willow Bank",457943.309298228,341552.678968482,"2025-02-21","Report noted repeated damage to bins and surrounding fixtures."
"INC_0704","Willow Bank",457491.713573194,341539.629367816,"2025-02-24","Safety report logged following aggressive behaviour in public space. Follow-up details were partial."
"INC_0705","Willow Bank",457287.546672267,341259.359747083,"2025-09-26","Concern raised about loitering and unclear activity after dark. Pattern may be intermittent."
"INC_0706","Willow Bank",458852.062469388,342548.368874099,"2025-08-26","Street-safety report logged after repeated uneasy encounters. Pedestrian route referenced."
"INC_0707","Willow Bank",458265.530546739,341729.991300471,"2025-09-21","Residents described persistent disturbance from street gatherings."
"INC_0708","Willow Bank",457849.062444202,341393.584510264,"2025-02-07","Broken glass and signs of overnight damage were recorded. Issue appears recurring."
"INC_0709","Willow Bank",458643.1565121,341401.075381193,"2025-02-06","Resident described suspicious movement near pedestrian access points."
"INC_0710","Willow Bank",458749.599886557,342035.833785983,"2025-11-01","Damage reported to fencing and nearby street furniture."
"INC_0711","Willow Bank",458459.45639312,341551.717429969,"2025-09-18","Witness noted a threatening exchange requiring follow-up attention. Further context remained limited."
"INC_0712","Willow Bank",458595.489825008,342457.962840163,"2025-06-22","Safety report logged following aggressive behaviour in public space."
"INC_0713","Elm Terrace",457589.728100405,338621.029156176,"2025-03-22","Graffiti and minor vandalism observed on public-facing property. Issue appears recurring."
"INC_0714","Elm Terrace",458000.228363246,338728.107489042,"2025-12-08","Broken glass and signs of overnight damage were recorded. Issue appears recurring."
"INC_0715","Elm Terrace",458000.261965249,338728.115056772,"2025-06-22","Incident report referenced an altercation and threat concerns."
"INC_0716","Elm Terrace",458000.23423486,338728.14065218,"2025-01-11","Resident described suspicious movement near pedestrian access points. Lighting conditions mentioned."
"INC_0717","Harbour View",449742.361824654,343242.07784232,"2025-10-05","Incident report referenced an altercation and threat concerns. Incident escalated quickly."
"INC_0718","Harbour View",451887.256509131,344404.604409543,"2025-08-11","Damage reported to fencing and nearby street furniture."
"INC_0719","Harbour View",452535.236133891,343977.263483177,"2025-05-11","Caller reported suspicious behaviour near a poorly lit route. Lighting conditions mentioned."
"INC_0720","Harbour View",452479.805149959,345085.435274617,"2025-02-15","Graffiti and minor vandalism observed on public-facing property."
"INC_0721","Harbour View",450639.043168469,342209.974843004,"2025-10-20","Safety report logged following aggressive behaviour in public space. Further context remained limited."
"INC_0722","Harbour View",450162.334230195,343117.260790662,"2025-05-12","Street-safety report logged after repeated uneasy encounters. Caller uncertain about intent."
"INC_0723","Harbour View",451990.940227429,343319.211605189,"2025-03-12","Graffiti and minor vandalism observed on public-facing property."
"INC_0724","Harbour View",451476.229235828,341512.469330377,"2025-07-10","Damage reported to fencing and nearby street furniture."
"INC_0725","Harbour View",450379.505636396,341772.711350837,"2025-08-03","Safety report logged following aggressive behaviour in public space. Follow-up details were partial."
"INC_0726","Harbour View",450354.278176473,343014.960232852,"2025-11-25","Broken glass and signs of overnight damage were recorded. Nearby property affected."
"INC_0727","Harbour View",452752.316799568,343926.402859758,"2025-05-18","Graffiti and minor vandalism observed on public-facing property. Public area involvement noted."
"INC_0728","Harbour View",452224.007836942,345740.709685628,"2025-01-23","Caller described a confrontation with risk of personal harm. Several witnesses were nearby."
"INC_0729","Harbour View",450356.260394138,342121.14291451,"2025-05-21","Graffiti and minor vandalism observed on public-facing property."
"INC_0730","Harbour View",452786.063395276,344755.354209315,"2025-04-27","Report noted repeated damage to bins and surrounding fixtures. Possible overnight timing."
"INC_0731","Harbour View",452370.157474152,344705.035923223,"2025-08-06","Damage reported to fencing and nearby street furniture."
"INC_0732","Harbour View",452202.384724494,344681.720990554,"2025-09-23","Report noted repeated damage to bins and surrounding fixtures."
"INC_0733","Harbour View",452019.262184508,345202.07851203,"2025-06-08","Broken glass and signs of overnight damage were recorded. Nearby property affected."
"INC_0734","Harbour View",451357.282080129,343733.526361993,"2025-04-19","Concern raised about loitering and unclear activity after dark."
"INC_0735","Harbour View",451224.501785296,343549.142385731,"2025-09-23","Complaint logged about loud music and anti-social noise. Near transport corridor."
"INC_0736","Harbour View",451160.177936529,343403.507009215,"2025-02-10","Street-safety report logged after repeated uneasy encounters."
"INC_0737","Harbour View",451431.715980994,341569.161878764,"2025-12-06","Street-safety report logged after repeated uneasy encounters. Lighting conditions mentioned."
"INC_0738","Saffron Lea",461547.421999696,342538.053628005,"2025-12-18","Complaint logged about loud music and anti-social noise."
"INC_0739","Saffron Lea",460884.092123021,343205.332826862,"2025-04-21","Graffiti and minor vandalism observed on public-facing property. Nearby property affected."
"INC_0740","East Hollow",460876.02061032,343419.45557952,"2025-07-31","Safety report logged following aggressive behaviour in public space. Several witnesses were nearby."
"INC_0741","Saffron Lea",461387.101226313,342776.65551974,"2025-10-12","Caller reported suspicious behaviour near a poorly lit route. Caller uncertain about intent."
"INC_0742","Saffron Lea",461615.664550719,342623.553089468,"2025-05-30","Caller described a confrontation with risk of personal harm."
"INC_0743","Saffron Lea",461596.952310477,342468.250054819,"2025-01-12","Report noted repeated damage to bins and surrounding fixtures."
"INC_0744","Saffron Lea",461321.304328571,342618.103391154,"2025-02-09","Caller described a confrontation with risk of personal harm. Incident escalated quickly."
"INC_0745","Saffron Lea",460789.905228934,342793.571705948,"2025-11-14","Incident report referenced an altercation and threat concerns."
"INC_0746","Saffron Lea",461070.074945499,343226.898207972,"2025-07-05","Witness noted a threatening exchange requiring follow-up attention."
"INC_0747","Saffron Lea",461161.092666848,342775.815906632,"2025-09-25","Damage reported to fencing and nearby street furniture. Nearby property affected."
"INC_0748","Saffron Lea",460583.579338859,342758.181397676,"2025-01-27","Witness noted a threatening exchange requiring follow-up attention. Follow-up details were partial."
"INC_0749","Saffron Lea",461020.012151755,342704.303335465,"2025-05-14","Caller described a confrontation with risk of personal harm."
"INC_0750","Saffron Lea",460739.460474213,343505.384928191,"2025-12-20","Street-safety report logged after repeated uneasy encounters. Lighting conditions mentioned."
"INC_0751","Saffron Lea",460647.918043555,343376.745013431,"2025-09-29","Report noted repeated damage to bins and surrounding fixtures. Possible overnight timing."
"INC_0752","Saffron Lea",461145.786544336,343055.972171203,"2025-01-22","Residents described persistent disturbance from street gatherings. Weekend evening pattern."
"INC_0753","Mill Court",460482.405287052,343031.746942427,"2025-02-10","Safety report logged following aggressive behaviour in public space."
"INC_0754","Saffron Lea",461318.854954679,342840.816526835,"2025-05-12","Incident report referenced an altercation and threat concerns. Follow-up details were partial."
"INC_0755","Saffron Lea",461770.205641656,342598.716871868,"2025-08-23","Incident report referenced an altercation and threat concerns."
"INC_0756","Saffron Lea",461185.949030555,342445.665219424,"2025-05-05","Caller described a confrontation with risk of personal harm. Several witnesses were nearby."
"INC_0757","Saffron Lea",460542.073539741,343315.107323637,"2025-10-29","Repeated late-night noise reported near flats. Linked to visitor activity."
"INC_0758","Mill Court",460581.757279068,342747.377369922,"2025-03-02","Broken glass and signs of overnight damage were recorded. Issue appears recurring."
"INC_0759","Saffron Lea",460720.308226277,343256.624703643,"2025-09-06","Concern raised about loitering and unclear activity after dark."
"INC_0760","Mill Court",461296.294517678,342822.296480674,"2025-08-02","Incident report referenced an altercation and threat concerns. Further context remained limited."
"INC_0761","Saffron Lea",460919.48320313,343074.692524695,"2025-12-30","Incident report referenced an altercation and threat concerns."
"INC_0762","East Hollow",460972.322917115,342643.509565092,"2025-07-25","Repeated late-night noise reported near flats. Linked to visitor activity."
"INC_0763","Saffron Lea",460987.149631691,343142.686412991,"2025-12-24","Caller described a confrontation with risk of personal harm. Incident escalated quickly."
"INC_0764","Saffron Lea",461694.866583639,342495.142813968,"2025-06-27","Caller described a confrontation with risk of personal harm. Several witnesses were nearby."
"INC_0765","Saffron Lea",461327.576427793,343017.054884488,"2025-03-13","Caller described a confrontation with risk of personal harm. Follow-up details were partial."
"INC_0766","East Hollow",461405.571524705,342589.090471321,"2025-06-04","Resident described suspicious movement near pedestrian access points. Pedestrian route referenced."
"INC_0767","Saffron Lea",461163.801324455,342769.440055333,"2025-06-01","Caller reported suspicious behaviour near a poorly lit route. Caller uncertain about intent."
"INC_0768","Saffron Lea",460806.769450513,342807.951056965,"2025-08-01","Complaint logged about loud music and anti-social noise."
"INC_0769","East Hollow",460884.775009717,342701.59194413,"2025-04-20","Witness noted a threatening exchange requiring follow-up attention. Several witnesses were nearby."
"INC_0770","Saffron Lea",460710.588188838,343542.27196112,"2025-04-27","Complaint logged about loud music and anti-social noise. Linked to visitor activity."
"INC_0771","Saffron Lea",461458.795121213,342471.367381841,"2025-07-12","Incident report referenced an altercation and threat concerns. Several witnesses were nearby."
"INC_0772","Saffron Lea",461081.179687979,342797.561867534,"2025-01-23","Crowd noise and shouting noted outside licensed premises. Weekend evening pattern."
"INC_0773","Saffron Lea",461237.363710301,342667.618613705,"2025-08-25","Incident report referenced an altercation and threat concerns. Several witnesses were nearby."
"INC_0774","Saffron Lea",461237.395025911,342667.602441857,"2025-09-14","Repeated late-night noise reported near flats."
"INC_0775","Saffron Lea",461237.381823818,342667.603325796,"2025-06-16","Concern raised about loitering and unclear activity after dark."
"INC_0776","Saffron Lea",461237.379257257,342667.587786733,"2025-12-29","Crowd noise and shouting noted outside licensed premises. Short repeat description."
"INC_0777","Saffron Lea",461237.344729704,342667.589882147,"2025-12-12","Crowd noise and shouting noted outside licensed premises. Weekend evening pattern."
"INC_0778","Saffron Lea",461237.377519402,342667.60965134,"2025-08-29","Concern raised about loitering and unclear activity after dark."
"INC_0779","Saffron Lea",461237.36345397,342667.611444312,"2025-02-25","Witness noted a threatening exchange requiring follow-up attention. Further context remained limited."
"INC_0780","Saffron Lea",461237.366739744,342667.605787353,"2025-10-14","Incident report referenced an altercation and threat concerns. Further context remained limited."
"INC_0781","East Hollow",461237.371278081,342667.615417154,"2025-09-08","Report noted repeated damage to bins and surrounding fixtures. Possible overnight timing."
"INC_0782","Saffron Lea",461237.361495377,342667.586350632,"2025-02-06","Safety report logged following aggressive behaviour in public space. Several witnesses were nearby."
"INC_0783","Saffron Lea",461237.389196166,342667.611222454,"2025-07-24","Crowd noise and shouting noted outside licensed premises."
"INC_0784","Saffron Lea",461237.366781618,342667.567858983,"2025-08-05","Concern raised about loitering and unclear activity after dark. Pattern may be intermittent."
"INC_0785","Saffron Lea",461237.367132845,342667.612563254,"2025-10-09","Concern raised about loitering and unclear activity after dark. Pedestrian route referenced."
"INC_0786","Saffron Lea",461237.386757478,342667.601907826,"2025-07-08","Graffiti and minor vandalism observed on public-facing property. Possible overnight timing."
"INC_0787","Saffron Lea",461237.389231261,342667.626535158,"2025-05-19","Residents described persistent disturbance from street gatherings. Short repeat description."
"INC_0788","Saffron Lea",461237.380709039,342667.57697203,"2025-08-31","Crowd noise and shouting noted outside licensed premises. Short repeat description."
"INC_0789","Saffron Lea",461237.402835629,342667.600259208,"2025-12-25","Caller reported suspicious behaviour near a poorly lit route. Pattern may be intermittent."
"INC_0790","Saffron Lea",461237.364515682,342667.629351498,"2025-01-20","Crowd noise and shouting noted outside licensed premises. Short repeat description."
"INC_0791","Saffron Lea",461237.357880966,342667.617617483,"2025-09-19","Crowd noise and shouting noted outside licensed premises. Short repeat description."
"INC_0792","Saffron Lea",461237.388521301,342667.591559351,"2025-11-07","Crowd noise and shouting noted outside licensed premises."
"INC_0793","Saffron Lea",461237.374744055,342667.608138488,"2025-08-03","Broken glass and signs of overnight damage were recorded. Nearby property affected."
"INC_0794","Saffron Lea",461237.394809868,342667.596110611,"2025-05-08","Caller described a confrontation with risk of personal harm. Follow-up details were partial."
"INC_0795","Saffron Lea",461237.372052634,342667.618603008,"2025-12-28","Graffiti and minor vandalism observed on public-facing property."
"INC_0796","Saffron Lea",461237.384366443,342667.600439765,"2025-01-12","Complaint logged about loud music and anti-social noise."
"INC_0797","Saffron Lea",461237.375356097,342667.609831963,"2025-10-27","Crowd noise and shouting noted outside licensed premises. Linked to visitor activity."
"INC_0798","Saffron Lea",461237.364389488,342667.612763064,"2025-07-03","Caller described a confrontation with risk of personal harm. Follow-up details were partial."
"INC_0799","Saffron Lea",461237.39018479,342667.580069189,"2025-06-08","Safety report logged following aggressive behaviour in public space."
"INC_0800","Saffron Lea",461237.383421291,342667.619278959,"2025-04-10","Caller described a confrontation with risk of personal harm. Incident escalated quickly."
"INC_0801","Saffron Lea",461237.362933353,342667.600236514,"2025-05-21","Witness noted a threatening exchange requiring follow-up attention."
"INC_0802","Saffron Lea",461237.399455387,342667.625384077,"2025-08-28","Witness noted a threatening exchange requiring follow-up attention."
"INC_0803","Saffron Lea",461237.364616861,342667.605833379,"2025-10-27","Caller described a confrontation with risk of personal harm. Incident escalated quickly."
"INC_0804","East Hollow",461237.386884506,342667.585340799,"2025-01-15","Caller described a confrontation with risk of personal harm."
"INC_0805","Saffron Lea",461237.346207775,342667.601250451,"2025-11-05","Repeated late-night noise reported near flats. Linked to visitor activity."
"INC_0806","Saffron Lea",461237.376955539,342667.595038276,"2025-08-19","Witness noted a threatening exchange requiring follow-up attention."
"INC_0807","East Hollow",461237.354653249,342667.575590566,"2025-01-15","Crowd noise and shouting noted outside licensed premises. Near transport corridor."
"INC_0808","Saffron Lea",461237.385772056,342667.612341501,"2025-04-28","Repeated late-night noise reported near flats. Weekend evening pattern."
"INC_0809","Saffron Lea",461237.347320731,342667.586066767,"2025-10-25","Damage reported to fencing and nearby street furniture. Possible overnight timing."
"INC_0810","Mill Court",461237.371254525,342667.603848098,"2025-09-22","Caller described a confrontation with risk of personal harm. Several witnesses were nearby."
"INC_0811","Saffron Lea",461237.374184923,342667.605898966,"2025-08-13","Incident report referenced an altercation and threat concerns. Further context remained limited."
"INC_0812","Saffron Lea",461237.392864991,342667.601882661,"2025-01-20","Safety report logged following aggressive behaviour in public space. Follow-up details were partial."
"INC_0813","Saffron Lea",461237.373877905,342667.613326074,"2025-05-05","Caller described a confrontation with risk of personal harm."
"INC_0814","Saffron Lea",461237.357362882,342667.597577744,"2025-07-19","Incident report referenced an altercation and threat concerns. Further context remained limited."
"INC_0815","Saffron Lea",461237.370182817,342667.596128193,"2025-01-12","Crowd noise and shouting noted outside licensed premises."
"INC_0816","Saffron Lea",461237.349344567,342667.602199846,"2025-09-06","Repeated late-night noise reported near flats."
"INC_0817","Saffron Lea",461237.371548223,342667.60330938,"2025-07-05","Resident described suspicious movement near pedestrian access points. Lighting conditions mentioned."
"INC_0818","Saffron Lea",461237.376455785,342667.603900686,"2025-02-07","Caller reported suspicious behaviour near a poorly lit route. Pattern may be intermittent."
"INC_0819","Saffron Lea",461237.40823477,342667.621376927,"2025-07-29","Witness noted a threatening exchange requiring follow-up attention."
"INC_0820","Saffron Lea",461237.352161233,342667.600336476,"2025-07-18","Witness noted a threatening exchange requiring follow-up attention."
"INC_0821","Saffron Lea",461237.364535564,342667.61237045,"2025-06-06","Resident described suspicious movement near pedestrian access points."
"INC_0822","Saffron Lea",461237.367621795,342667.6089861,"2025-10-13","Street-safety report logged after repeated uneasy encounters."
"INC_0823","Saffron Lea",461237.392983318,342667.604416967,"2025-10-14","Repeated late-night noise reported near flats. Short repeat description."
"INC_0824","Saffron Lea",461237.354614679,342667.600647335,"2025-10-27","Caller reported suspicious behaviour near a poorly lit route. Lighting conditions mentioned."
"INC_0825","Saffron Lea",461237.394159313,342667.590000082,"2025-08-03","Incident report referenced an altercation and threat concerns. Several witnesses were nearby."
"INC_0826","Saffron Lea",461237.365917444,342667.608645464,"2025-10-23","Crowd noise and shouting noted outside licensed premises. Weekend evening pattern."
"INC_0827","Saffron Lea",461237.345858083,342667.613294053,"2025-03-09","Witness noted a threatening exchange requiring follow-up attention. Incident escalated quickly."
"INC_0828","Saffron Lea",461237.350166947,342667.627862682,"2025-06-03","Residents described persistent disturbance from street gatherings. Near transport corridor."
"INC_0829","Saffron Lea",461237.391916318,342667.587285225,"2025-11-10","Caller described a confrontation with risk of personal harm."
"INC_0830","Saffron Lea",461237.387406261,342667.607011267,"2025-09-07","Report noted repeated damage to bins and surrounding fixtures. Nearby property affected."
"INC_0831","Saffron Lea",461237.350158429,342667.610742655,"2025-06-01","Incident report referenced an altercation and threat concerns. Further context remained limited."
"INC_0832","Mill Court",461237.378980853,342667.601524788,"2025-12-24","Incident report referenced an altercation and threat concerns."
"INC_0833","Saffron Lea",461237.372085049,342667.589749131,"2025-08-21","Witness noted a threatening exchange requiring follow-up attention. Several witnesses were nearby."
"INC_0834","Saffron Lea",461237.373652582,342667.604871426,"2025-08-17","Residents described persistent disturbance from street gatherings. Weekend evening pattern."
"INC_0835","Saffron Lea",461237.401201738,342667.607665972,"2025-10-10","Safety report logged following aggressive behaviour in public space."
"INC_0836","Saffron Lea",461237.381129882,342667.589468805,"2025-03-27","Incident report referenced an altercation and threat concerns."
"INC_0837","Saffron Lea",461237.372921832,342667.592045641,"2025-09-25","Safety report logged following aggressive behaviour in public space."
"INC_0838","Saffron Lea",461237.391442741,342667.589233291,"2025-10-07","Safety report logged following aggressive behaviour in public space. Several witnesses were nearby."
"INC_0839","Saffron Lea",461237.394948973,342667.60517359,"2025-01-24","Caller described a confrontation with risk of personal harm. Several witnesses were nearby."
"INC_0840","Saffron Lea",461237.396148998,342667.579617191,"2025-03-14","Complaint logged about loud music and anti-social noise. Short repeat description."
"INC_0841","Saffron Lea",461237.380334259,342667.585688328,"2025-06-06","Repeated late-night noise reported near flats."
"INC_0842","Saffron Lea",461237.364235007,342667.610929689,"2025-07-20","Caller reported suspicious behaviour near a poorly lit route."
"INC_0843","Saffron Lea",461237.355464539,342667.595970003,"2025-10-27","Complaint logged about loud music and anti-social noise. Near transport corridor."
"INC_0844","Saffron Lea",461237.370076842,342667.605438288,"2025-04-22","Report noted repeated damage to bins and surrounding fixtures. Issue appears recurring."
"INC_0845","Saffron Lea",461237.352375748,342667.624285277,"2025-01-21","Resident described suspicious movement near pedestrian access points. Lighting conditions mentioned."
"INC_0846","Saffron Lea",461237.354350826,342667.613867889,"2025-01-05","Broken glass and signs of overnight damage were recorded."
"INC_0847","Mill Court",460243.114586,343436.145315378,"2025-12-27","Residents described persistent disturbance from street gatherings. Linked to visitor activity."
"INC_0848","Mill Court",459650.683533938,344024.553749845,"2025-02-07","Concern raised about loitering and unclear activity after dark."
"INC_0849","Mill Court",460128.949503372,343801.962619102,"2025-06-22","Incident report referenced an altercation and threat concerns. Follow-up details were partial."
"INC_0850","Mill Court",459501.2693421,343671.490363789,"2025-04-19","Resident described suspicious movement near pedestrian access points. Caller uncertain about intent."
"INC_0851","Mill Court",459445.189375182,342903.295643299,"2025-04-17","Street-safety report logged after repeated uneasy encounters. Pedestrian route referenced."
"INC_0852","Mill Court",459764.53904846,343518.504639752,"2025-02-28","Complaint logged about loud music and anti-social noise."
"INC_0853","Mill Court",460297.908503797,343752.221640032,"2025-06-04","Concern raised about loitering and unclear activity after dark. Pattern may be intermittent."
"INC_0854","Mill Court",458872.829546326,343210.858716308,"2025-08-04","Complaint logged about loud music and anti-social noise. Near transport corridor."
"INC_0855","Mill Court",460361.569087903,343490.493791146,"2025-01-30","Report noted repeated damage to bins and surrounding fixtures. Nearby property affected."
"INC_0856","Mill Court",459361.238836631,342613.024608883,"2025-12-15","Residents described persistent disturbance from street gatherings."
"INC_0857","Mill Court",460220.153094163,343845.596266548,"2025-01-03","Repeated late-night noise reported near flats."
"INC_0858","Mill Court",459366.093126865,342595.948817479,"2025-03-29","Broken glass and signs of overnight damage were recorded. Public area involvement noted."
"INC_0859","Mill Court",460455.150916948,343830.486251218,"2025-10-20","Concern raised about loitering and unclear activity after dark. Lighting conditions mentioned."
"INC_0860","Mill Court",460455.180977606,343830.461289333,"2025-10-15","Resident described suspicious movement near pedestrian access points. Lighting conditions mentioned."
"INC_0861","Mill Court",460455.158179848,343830.469911745,"2025-07-01","Broken glass and signs of overnight damage were recorded. Nearby property affected."
"INC_0862","Mill Court",460455.179651217,343830.498642471,"2025-09-20","Crowd noise and shouting noted outside licensed premises. Near transport corridor."
"INC_0863","Mill Court",460455.149142082,343830.475663015,"2025-12-19","Street-safety report logged after repeated uneasy encounters. Caller uncertain about intent."
"INC_0864","Mill Court",460455.161550399,343830.450960326,"2025-03-10","Damage reported to fencing and nearby street furniture. Public area involvement noted."
"INC_0865","Mill Court",460455.175903037,343830.46053271,"2025-04-01","Safety report logged following aggressive behaviour in public space."
"INC_0866","Mill Court",460455.153889226,343830.470856369,"2025-11-03","Caller reported suspicious behaviour near a poorly lit route."
"INC_0867","Mill Court",460455.146428682,343830.475105967,"2025-01-20","Damage reported to fencing and nearby street furniture. Nearby property affected."
"INC_0868","Mill Court",460455.1731388,343830.466113135,"2025-06-26","Caller reported suspicious behaviour near a poorly lit route. Pedestrian route referenced."
"INC_0869","Mill Court",460455.15932699,343830.501351956,"2025-03-14","Resident described suspicious movement near pedestrian access points. Lighting conditions mentioned."
"INC_0870","Mill Court",460455.199314225,343830.501013514,"2025-04-05","Resident described suspicious movement near pedestrian access points. Caller uncertain about intent."
"INC_0871","Mill Court",460455.171041802,343830.461648429,"2025-04-10","Incident report referenced an altercation and threat concerns. Incident escalated quickly."
"INC_0872","Mill Court",460455.177104677,343830.463239643,"2025-05-24","Safety report logged following aggressive behaviour in public space. Several witnesses were nearby."
"INC_0873","Mill Court",460455.160559442,343830.45949434,"2025-08-06","Complaint logged about loud music and anti-social noise. Near transport corridor."
"INC_0874","Mill Court",460455.165150999,343830.457663205,"2025-11-28","Resident described suspicious movement near pedestrian access points."
"INC_0875","Mill Court",460455.171986722,343830.475664271,"2025-12-01","Residents described persistent disturbance from street gatherings. Weekend evening pattern."
"INC_0876","Mill Court",460455.168192696,343830.479996627,"2025-10-19","Crowd noise and shouting noted outside licensed premises. Linked to visitor activity."
"INC_0877","Mill Court",460455.187318549,343830.469563873,"2025-05-18","Repeated late-night noise reported near flats."
"INC_0878","Mill Court",460455.166688435,343830.462958045,"2025-04-15","Repeated late-night noise reported near flats. Linked to visitor activity."
"INC_0879","Mill Court",460455.156431382,343830.45415426,"2025-03-12","Caller reported suspicious behaviour near a poorly lit route. Caller uncertain about intent."
"INC_0880","Mill Court",460455.172206751,343830.473332626,"2025-09-15","Resident described suspicious movement near pedestrian access points. Lighting conditions mentioned."
"INC_0881","Mill Court",460455.190418422,343830.474090189,"2025-08-30","Damage reported to fencing and nearby street furniture. Issue appears recurring."
"INC_0882","Mill Court",460455.194657518,343830.476793179,"2025-03-10","Damage reported to fencing and nearby street furniture. Issue appears recurring."
"INC_0883","Mill Court",460455.14819204,343830.468064704,"2025-02-12","Concern raised about loitering and unclear activity after dark. Pattern may be intermittent."
"INC_0884","Springmere",455744.491205587,340124.08559078,"2025-02-23","Witness noted a threatening exchange requiring follow-up attention. Incident escalated quickly."
"INC_0885","Springmere",455785.428399852,340330.694744504,"2025-05-28","Repeated late-night noise reported near flats."
"INC_0886","Springmere",455789.495357144,340280.776558652,"2025-07-03","Complaint logged about loud music and anti-social noise."
"INC_0887","Springmere",455492.686568231,340548.268564767,"2025-09-07","Report noted repeated damage to bins and surrounding fixtures. Possible overnight timing."
"INC_0888","Springmere",456169.720050457,340176.046717004,"2025-02-18","Report noted repeated damage to bins and surrounding fixtures. Issue appears recurring."
"INC_0889","Falcon Heath",457518.038727195,342636.761589003,"2025-02-14","Graffiti and minor vandalism observed on public-facing property."
"INC_0890","Falcon Heath",456743.827500077,343767.985379603,"2025-03-21","Damage reported to fencing and nearby street furniture."
"INC_0891","Falcon Heath",456661.019381375,343761.430612199,"2025-09-13","Crowd noise and shouting noted outside licensed premises."
"INC_0892","Falcon Heath",458027.262516752,343511.161617546,"2025-11-25","Damage reported to fencing and nearby street furniture."
"INC_0893","Falcon Heath",457105.685600171,344011.475011744,"2025-02-10","Caller reported suspicious behaviour near a poorly lit route. Caller uncertain about intent."
"INC_0894","Falcon Heath",457688.534791654,343549.037487965,"2025-05-19","Damage reported to fencing and nearby street furniture. Issue appears recurring."
"INC_0895","Falcon Heath",457597.413932991,342931.117118195,"2025-03-04","Caller reported suspicious behaviour near a poorly lit route. Pedestrian route referenced."
"INC_0896","Falcon Heath",457718.852589423,343019.578397161,"2025-01-08","Report noted repeated damage to bins and surrounding fixtures."
"INC_0897","Falcon Heath",456914.043999575,343025.830004103,"2025-06-14","Damage reported to fencing and nearby street furniture. Nearby property affected."
"INC_0898","Falcon Heath",456660.799916922,343672.463831234,"2025-02-03","Concern raised about loitering and unclear activity after dark. Lighting conditions mentioned."
"INC_0899","Falcon Heath",456660.822189686,343672.467431925,"2025-05-12","Incident report referenced an altercation and threat concerns."
"INC_0900","Falcon Heath",456660.78336386,343672.477218282,"2025-03-09","Street-safety report logged after repeated uneasy encounters. Pattern may be intermittent."
"INC_0901","Falcon Heath",456660.812866243,343672.470002873,"2025-08-12","Damage reported to fencing and nearby street furniture. Nearby property affected."
"INC_0902","Falcon Heath",456660.773086046,343672.442920105,"2025-08-18","Caller reported suspicious behaviour near a poorly lit route."
"INC_0903","Falcon Heath",456660.791405314,343672.466021489,"2025-06-27","Concern raised about loitering and unclear activity after dark. Pedestrian route referenced."
"INC_0904","Falcon Heath",456660.789635408,343672.477438088,"2025-02-10","Resident described suspicious movement near pedestrian access points."
"INC_0905","Falcon Heath",456660.770007709,343672.470989165,"2025-03-07","Safety report logged following aggressive behaviour in public space. Several witnesses were nearby."
"INC_0906","Falcon Heath",456660.77940364,343672.464548078,"2025-01-30","Broken glass and signs of overnight damage were recorded. Possible overnight timing."
"INC_0907","Falcon Heath",456660.784643508,343672.469445552,"2025-05-31","Street-safety report logged after repeated uneasy encounters. Pedestrian route referenced."
"INC_0908","Falcon Heath",456660.784656591,343672.448778427,"2025-09-28","Report noted repeated damage to bins and surrounding fixtures. Issue appears recurring."
"INC_0909","Falcon Heath",456660.778719966,343672.435474567,"2025-09-04","Graffiti and minor vandalism observed on public-facing property."
"INC_0910","Falcon Heath",456660.762271928,343672.485465335,"2025-04-28","Residents described persistent disturbance from street gatherings."
"INC_0911","Falcon Heath",456660.805171597,343672.479044693,"2025-12-20","Broken glass and signs of overnight damage were recorded. Issue appears recurring."
"INC_0912","Falcon Heath",456660.772717184,343672.477323431,"2025-03-05","Residents described persistent disturbance from street gatherings. Linked to visitor activity."
"INC_0913","Falcon Heath",456660.787126373,343672.478861626,"2025-10-30","Graffiti and minor vandalism observed on public-facing property."
"INC_0914","Falcon Heath",456660.800253775,343672.474114066,"2025-09-21","Safety report logged following aggressive behaviour in public space."
"INC_0915","Falcon Heath",456660.775485236,343672.454213434,"2025-05-25","Street-safety report logged after repeated uneasy encounters."
"INC_0916","Meadow Gate",458029.010073387,339948.1605637,"2025-08-29","Complaint logged about loud music and anti-social noise. Linked to visitor activity."
"INC_0917","Meadow Gate",459030.248617974,340884.562751581,"2025-07-24","Crowd noise and shouting noted outside licensed premises. Weekend evening pattern."
"INC_0918","Meadow Gate",458748.718890037,341000.938340508,"2025-12-17","Residents described persistent disturbance from street gatherings. Weekend evening pattern."
"INC_0919","Meadow Gate",458068.839347066,340411.154655455,"2025-01-01","Repeated late-night noise reported near flats. Short repeat description."
"INC_0920","Meadow Gate",457660.248303713,341049.568908765,"2025-06-06","Residents described persistent disturbance from street gatherings. Short repeat description."
"INC_0921","Meadow Gate",458358.347996116,340522.748418813,"2025-07-04","Incident report referenced an altercation and threat concerns. Follow-up details were partial."
"INC_0922","Meadow Gate",457202.47758222,340964.21760412,"2025-01-19","Residents described persistent disturbance from street gatherings."
"INC_0923","Meadow Gate",457871.574183962,341196.562779695,"2025-06-13","Resident described suspicious movement near pedestrian access points."
"INC_0924","Meadow Gate",457096.787570236,340611.288521631,"2025-01-15","Residents described persistent disturbance from street gatherings. Near transport corridor."
"INC_0925","Meadow Gate",458101.641202958,341232.830672806,"2025-11-05","Incident report referenced an altercation and threat concerns."
"INC_0926","Meadow Gate",458479.229440225,341003.379904352,"2025-03-16","Safety report logged following aggressive behaviour in public space. Several witnesses were nearby."
"INC_0927","Meadow Gate",458422.247063468,340601.228104386,"2025-10-02","Residents described persistent disturbance from street gatherings. Linked to visitor activity."
"INC_0928","Meadow Gate",458286.811465492,340178.286213395,"2025-09-16","Caller described a confrontation with risk of personal harm."
"INC_0929","Meadow Gate",458499.138294248,339910.473251279,"2025-06-28","Complaint logged about loud music and anti-social noise."
"INC_0930","Meadow Gate",458066.601525595,340310.505113514,"2025-07-06","Complaint logged about loud music and anti-social noise. Linked to visitor activity."
"INC_0931","Meadow Gate",457691.492660672,340374.046124901,"2025-11-28","Complaint logged about loud music and anti-social noise. Linked to visitor activity."
"INC_0932","Meadow Gate",458802.208924643,340073.109890982,"2025-04-19","Repeated late-night noise reported near flats. Near transport corridor."
"INC_0933","Ridge Market",458843.205573526,337803.664865014,"2025-03-06","Broken glass and signs of overnight damage were recorded. Possible overnight timing."
"INC_0934","Ridge Market",458370.402347712,338423.805104689,"2025-11-04","Safety report logged following aggressive behaviour in public space. Further context remained limited."
"INC_0935","Ridge Market",458764.442571398,337466.441701857,"2025-04-16","Incident report referenced an altercation and threat concerns. Follow-up details were partial."
"INC_0936","Ridge Market",458321.932617934,337530.073451097,"2025-07-12","Broken glass and signs of overnight damage were recorded. Issue appears recurring."
"INC_0937","New Dock",453042.07169815,339100.454354251,"2025-07-13","Repeated late-night noise reported near flats. Linked to visitor activity."
"INC_0938","Beacon Park",458398.996464514,344422.644000492,"2025-10-03","Broken glass and signs of overnight damage were recorded. Possible overnight timing."
"INC_0939","Beacon Park",459083.944673511,343817.138491268,"2025-11-18","Street-safety report logged after repeated uneasy encounters."
"INC_0940","Beacon Park",458088.135619395,344450.826235846,"2025-06-26","Resident described suspicious movement near pedestrian access points. Pattern may be intermittent."
"INC_0941","Beacon Park",457703.144671063,343600.616911935,"2025-07-26","Witness noted a threatening exchange requiring follow-up attention. Follow-up details were partial."
"INC_0942","Beacon Park",457883.045186067,343803.021527321,"2025-02-11","Caller reported suspicious behaviour near a poorly lit route. Pattern may be intermittent."
"INC_0943","Beacon Park",459129.697236261,343855.360003279,"2025-01-02","Concern raised about loitering and unclear activity after dark. Lighting conditions mentioned."
"INC_0944","Beacon Park",458984.880235469,344284.498588841,"2025-10-25","Safety report logged following aggressive behaviour in public space. Further context remained limited."
"INC_0945","Beacon Park",458706.956523926,343555.063406439,"2025-01-07","Residents described persistent disturbance from street gatherings."
"INC_0946","Beacon Park",458614.980393005,343610.672377866,"2025-12-03","Caller reported suspicious behaviour near a poorly lit route."
"INC_0947","Beacon Park",458614.975723411,343610.679615476,"2025-08-10","Concern raised about loitering and unclear activity after dark. Pattern may be intermittent."
"INC_0948","Beacon Park",458614.975192962,343610.684616873,"2025-07-03","Caller described a confrontation with risk of personal harm."
"INC_0949","Beacon Park",458614.955994181,343610.666502128,"2025-05-11","Caller reported suspicious behaviour near a poorly lit route."
"INC_0950","Beacon Park",458614.988138336,343610.644492797,"2025-09-09","Complaint logged about loud music and anti-social noise."
"INC_0951","Beacon Park",458614.994163049,343610.659586863,"2025-06-13","Safety report logged following aggressive behaviour in public space."
"INC_0952","Beacon Park",458614.962232311,343610.662445277,"2025-05-15","Resident described suspicious movement near pedestrian access points. Lighting conditions mentioned."
"INC_0953","Beacon Park",458614.946941618,343610.684883033,"2025-09-26","Damage reported to fencing and nearby street furniture. Nearby property affected."
"INC_0954","Beacon Park",458614.949508601,343610.668328993,"2025-12-03","Caller reported suspicious behaviour near a poorly lit route."
"INC_0955","Beacon Park",458614.971587499,343610.674647144,"2025-08-22","Concern raised about loitering and unclear activity after dark. Lighting conditions mentioned."
"INC_0956","Beacon Park",458614.997654402,343610.694218291,"2025-07-05","Safety report logged following aggressive behaviour in public space."
"INC_0957","Beacon Park",458614.96433228,343610.684490724,"2025-04-20","Broken glass and signs of overnight damage were recorded. Public area involvement noted."
"INC_0958","Beacon Park",457931.085217801,344181.363430894,"2025-11-15","Street-safety report logged after repeated uneasy encounters."
"INC_0959","Beacon Park",457931.048392448,344181.335546674,"2025-07-15","Residents described persistent disturbance from street gatherings. Near transport corridor."
"INC_0960","Beacon Park",457931.060859764,344181.346626409,"2025-02-07","Witness noted a threatening exchange requiring follow-up attention. Follow-up details were partial."
"INC_0961","Beacon Park",457931.090185308,344181.325902635,"2025-10-02","Street-safety report logged after repeated uneasy encounters. Caller uncertain about intent."
"INC_0962","Beacon Park",457931.065336068,344181.359586909,"2025-11-12","Street-safety report logged after repeated uneasy encounters. Lighting conditions mentioned."
"INC_0139_dup","Cedar Rise",454415.852847486,345259.934454183,"2025-02-06","Caller reported suspicious behaviour near a poorly lit route. Caller uncertain about intent."
"INC_0426_dup","Maple Cross",458702.406721418,344602.334588814,"2025-09-17","Witness noted a threatening exchange requiring follow-up attention. Follow-up details were partial."
"INC_0421_dup","Maple Cross",459176.08031869,345343.416879244,"2025-06-29","Caller reported suspicious behaviour near a poorly lit route."
"INC_0244_dup","Hazel Row",460382.006392152,341297.612039024,"2025-09-22","Repeated late-night noise reported near flats."
"INC_0422_dup","Maple Cross",458812.854135898,344395.606782683,"2025-01-29","Caller described a confrontation with risk of personal harm. Follow-up details were partial."
"INC_0529_dup","Maple Cross",458539.672058555,344936.147288998,"2025-01-07","Caller reported suspicious behaviour near a poorly lit route. Caller uncertain about intent."
"INC_0123_dup","Market End",452546.696603284,345949.289339776,"2025-07-09","Street-safety report logged after repeated uneasy encounters."
"INC_0458_dup","Maple Cross",458539.67373631,344936.13434969,"2025-09-10","Repeated late-night noise reported near flats."
"INC_0644_dup","Maple Cross",458539.672009056,344936.150020972,"2025-07-06","Caller reported suspicious behaviour near a poorly lit route. Pattern may be intermittent."
"INC_0685_dup","Briar Fold",454808.854967166,337366.633879491,"2025-02-05","Broken glass and signs of overnight damage were recorded. Public area involvement noted."
"INC_0583_dup","Maple Cross",458539.688217527,344936.168300589,"2025-04-11","Witness noted a threatening exchange requiring follow-up attention. Several witnesses were nearby."
"INC_0957_dup","Beacon Park",458614.965256594,343610.683990172,"2025-04-20","Broken glass and signs of overnight damage were recorded. Public area involvement noted."
"INC_0012_dup","Riverstead",454998.464176941,344065.005086243,"2025-10-30","Damage reported to fencing and nearby street furniture."
"INC_0868_dup","Mill Court",460455.174192352,343830.464889,"2025-06-26","Caller reported suspicious behaviour near a poorly lit route. Pedestrian route referenced."
"INC_0409_dup","Maple Cross",459107.079812676,345762.117417845,"2025-12-08","Incident report referenced an altercation and threat concerns. Further context remained limited."
"INC_0447_dup","Maple Cross",458773.541421247,345493.490043947,"2025-02-10","Graffiti and minor vandalism observed on public-facing property. Nearby property affected."
"INC_0247_dup","Hazel Row",460382.029245694,341297.633338973,"2025-01-16","Crowd noise and shouting noted outside licensed premises. Near transport corridor."
"INC_0525_dup","Maple Cross",458539.676050942,344936.116637611,"2025-12-03","Report noted repeated damage to bins and surrounding fixtures. Issue appears recurring."
"INC_0411_dup","Maple Cross",459097.190984947,344688.051962749,"2025-04-20","Broken glass and signs of overnight damage were recorded. Public area involvement noted."
"INC_0386_dup","Maple Cross",458570.302263053,345604.235494393,"2025-12-15","Street-safety report logged after repeated uneasy encounters. Pattern may be intermittent."
"INC_0073_dup","Market End",452855.57460251,345265.476780263,"2025-06-02","Resident described suspicious movement near pedestrian access points."
"INC_0785_dup","Saffron Lea",461237.368608768,342667.611489769,"2025-10-09","Concern raised about loitering and unclear activity after dark. Pedestrian route referenced."
"INC_0357_dup","Maple Cross",458911.588156604,344980.160627035,"2025-03-11","Witness noted a threatening exchange requiring follow-up attention. Incident escalated quickly."
"INC_0086_dup","Market End",454564.368913153,346357.594927329,"2025-08-19","Caller reported suspicious behaviour near a poorly lit route. Pedestrian route referenced."
"INC_0143_dup","Cedar Rise",454785.618738327,346190.234421631,"2025-01-27","Broken glass and signs of overnight damage were recorded. Possible overnight timing."
